split,model,auc,brier
0,clinical_Mayo_age,0.45714285714285713,0.2589912213648993
0,clinical_plus_myeloid,0.6571428571428571,0.22577179654761856
0,clinical_plus_barrier,0.48571428571428565,0.2604783387192077
0,clinical_plus_myeloid_barrier,0.6285714285714286,0.23105367304865698
1,clinical_Mayo_age,0.7142857142857143,0.22121670370861043
1,clinical_plus_myeloid,0.4,0.3627639874734916
1,clinical_plus_barrier,0.7142857142857143,0.21181557157706543
1,clinical_plus_myeloid_barrier,0.4,0.3700373519636598
2,clinical_Mayo_age,0.5,0.2522821461130887
2,clinical_plus_myeloid,0.8055555555555556,0.20156419511017956
2,clinical_plus_barrier,0.6666666666666667,0.23203667014139798
2,clinical_plus_myeloid_barrier,0.7777777777777779,0.19974146314461874
3,clinical_Mayo_age,0.6111111111111112,0.24771631446335718
3,clinical_plus_myeloid,0.6944444444444444,0.21940131212510064
3,clinical_plus_barrier,0.5833333333333334,0.2612981347633156
3,clinical_plus_myeloid_barrier,0.6666666666666667,0.2288943051201914
4,clinical_Mayo_age,0.7,0.22529723462974996
4,clinical_plus_myeloid,0.8333333333333333,0.17898925872067384
4,clinical_plus_barrier,0.7333333333333334,0.2217901539166564
4,clinical_plus_myeloid_barrier,0.8333333333333333,0.18252312658342185
5,clinical_Mayo_age,0.7142857142857143,0.21998285858268807
5,clinical_plus_myeloid,0.8285714285714285,0.17767952993930425
5,clinical_plus_barrier,0.6285714285714286,0.24465648526186876
5,clinical_plus_myeloid_barrier,0.8285714285714285,0.20244870858575045
6,clinical_Mayo_age,0.22857142857142854,0.28651120567349203
6,clinical_plus_myeloid,0.5142857142857142,0.2543496712232861
6,clinical_plus_barrier,0.19999999999999996,0.3138033680944055
6,clinical_plus_myeloid_barrier,0.48571428571428565,0.27640604344575387
7,clinical_Mayo_age,0.6666666666666667,0.22755833155870495
7,clinical_plus_myeloid,0.6666666666666666,0.24472305828185534
7,clinical_plus_barrier,0.6111111111111112,0.2276360018283086
7,clinical_plus_myeloid_barrier,0.6944444444444445,0.24625490502751832
8,clinical_Mayo_age,0.4444444444444445,0.2769628123379152
8,clinical_plus_myeloid,0.41666666666666674,0.2808619211123266
8,clinical_plus_barrier,0.5,0.27121183724167064
8,clinical_plus_myeloid_barrier,0.4444444444444445,0.2795246878315218
9,clinical_Mayo_age,0.7333333333333333,0.22771619980412658
9,clinical_plus_myeloid,0.8,0.20530279596729004
9,clinical_plus_barrier,0.7666666666666666,0.21697473724268004
9,clinical_plus_myeloid_barrier,0.7,0.22903425912774597
10,clinical_Mayo_age,0.3714285714285714,0.3393688519416538
10,clinical_plus_myeloid,0.4857142857142857,0.29432834903591804
10,clinical_plus_barrier,0.3714285714285714,0.33328967113537655
10,clinical_plus_myeloid_barrier,0.45714285714285713,0.2957524538981735
11,clinical_Mayo_age,0.7857142857142857,0.21612852015483952
11,clinical_plus_myeloid,0.8,0.20565397566684582
11,clinical_plus_barrier,0.6,0.22531210051596826
11,clinical_plus_myeloid_barrier,0.6857142857142857,0.21113032501780496
12,clinical_Mayo_age,0.7916666666666666,0.22588720952218344
12,clinical_plus_myeloid,0.7500000000000001,0.20691805554569465
12,clinical_plus_barrier,0.638888888888889,0.23166025861740058
12,clinical_plus_myeloid_barrier,0.7500000000000001,0.21743347492811402
13,clinical_Mayo_age,0.6111111111111112,0.2558209967638233
13,clinical_plus_myeloid,0.8611111111111112,0.2349565300638143
13,clinical_plus_barrier,0.6666666666666667,0.23948577714198738
13,clinical_plus_myeloid_barrier,0.8611111111111112,0.23296750798669139
14,clinical_Mayo_age,0.6333333333333333,0.24182631441233085
14,clinical_plus_myeloid,0.6333333333333333,0.23221497173841366
14,clinical_plus_barrier,0.7,0.22511123978952607
14,clinical_plus_myeloid_barrier,0.6333333333333333,0.23154040768533887
15,clinical_Mayo_age,0.5571428571428572,0.2485984134730692
15,clinical_plus_myeloid,0.6571428571428571,0.21490536874212063
15,clinical_plus_barrier,0.6285714285714286,0.24152655450817725
15,clinical_plus_myeloid_barrier,0.6571428571428571,0.21895565761344682
16,clinical_Mayo_age,0.6,0.23145558476451136
16,clinical_plus_myeloid,0.8,0.18725394166174084
16,clinical_plus_barrier,0.6571428571428571,0.24242888543707627
16,clinical_plus_myeloid_barrier,0.7428571428571429,0.20149650185626197
17,clinical_Mayo_age,0.41666666666666663,0.308187698356845
17,clinical_plus_myeloid,0.5833333333333334,0.28510650755748457
17,clinical_plus_barrier,0.4722222222222222,0.2897729829714084
17,clinical_plus_myeloid_barrier,0.611111111111111,0.2826170240664638
18,clinical_Mayo_age,0.6111111111111112,0.2503745677863801
18,clinical_plus_myeloid,0.5555555555555556,0.2763137538948892
18,clinical_plus_barrier,0.6666666666666666,0.24300124382702012
18,clinical_plus_myeloid_barrier,0.5555555555555556,0.2750013395603563
19,clinical_Mayo_age,0.8666666666666667,0.2190949624937684
19,clinical_plus_myeloid,0.7,0.22435254834408777
19,clinical_plus_barrier,0.6666666666666666,0.2103877459178953
19,clinical_plus_myeloid_barrier,0.6666666666666666,0.22292860499079703
20,clinical_Mayo_age,0.5714285714285714,0.2282894924886937
20,clinical_plus_myeloid,0.4857142857142857,0.28570354705897477
20,clinical_plus_barrier,0.6285714285714286,0.23299326955567579
20,clinical_plus_myeloid_barrier,0.5142857142857142,0.2838811004807467
21,clinical_Mayo_age,0.6714285714285714,0.226074379362692
21,clinical_plus_myeloid,0.8285714285714285,0.1742636308947106
21,clinical_plus_barrier,0.6857142857142857,0.2191332102737349
21,clinical_plus_myeloid_barrier,0.8285714285714285,0.1781485039582609
22,clinical_Mayo_age,0.5555555555555556,0.27076505573968007
22,clinical_plus_myeloid,0.7222222222222222,0.2277173420169193
22,clinical_plus_barrier,0.5833333333333334,0.2535082621959385
22,clinical_plus_myeloid_barrier,0.6944444444444444,0.22568794990659344
23,clinical_Mayo_age,0.41666666666666663,0.2926968250741911
23,clinical_plus_myeloid,0.5555555555555556,0.24569548138507316
23,clinical_plus_barrier,0.4722222222222222,0.27443686619191754
23,clinical_plus_myeloid_barrier,0.5555555555555556,0.2470084718550842
24,clinical_Mayo_age,0.7333333333333333,0.22217865907651807
24,clinical_plus_myeloid,0.6666666666666666,0.23139951637193254
24,clinical_plus_barrier,0.6,0.243658826169552
24,clinical_plus_myeloid_barrier,0.6333333333333333,0.24855783263429415
25,clinical_Mayo_age,0.6,0.24862154825030344
25,clinical_plus_myeloid,0.45714285714285713,0.3313579954060741
25,clinical_plus_barrier,0.37142857142857144,0.3602156348253717
25,clinical_plus_myeloid_barrier,0.3714285714285714,0.3710111897290527
26,clinical_Mayo_age,0.4714285714285714,0.2514892360133525
26,clinical_plus_myeloid,0.6857142857142857,0.2150836983720622
26,clinical_plus_barrier,0.48571428571428565,0.24241765662384862
26,clinical_plus_myeloid_barrier,0.6857142857142857,0.21630565361295073
27,clinical_Mayo_age,0.7361111111111112,0.22433903820324075
27,clinical_plus_myeloid,0.5,0.2532900302251124
27,clinical_plus_barrier,0.8055555555555556,0.21578043362708996
27,clinical_plus_myeloid_barrier,0.5,0.25210578658972443
28,clinical_Mayo_age,0.36111111111111105,0.29746726415311825
28,clinical_plus_myeloid,0.6666666666666667,0.22834738211714192
28,clinical_plus_barrier,0.4444444444444444,0.27898428364511413
28,clinical_plus_myeloid_barrier,0.6666666666666667,0.2276736306217657
29,clinical_Mayo_age,0.6666666666666666,0.22454558135655817
29,clinical_plus_myeloid,0.8666666666666667,0.17628743103320754
29,clinical_plus_barrier,0.8333333333333334,0.20318827006915977
29,clinical_plus_myeloid_barrier,0.8666666666666667,0.17409812082519988
30,clinical_Mayo_age,0.6857142857142857,0.2195149313214827
30,clinical_plus_myeloid,0.5428571428571428,0.2538479163243113
30,clinical_plus_barrier,0.3142857142857143,0.2860084363119569
30,clinical_plus_myeloid_barrier,0.4857142857142857,0.28635103059131145
31,clinical_Mayo_age,0.7142857142857143,0.22566965258224606
31,clinical_plus_myeloid,0.9428571428571428,0.16770106152092468
31,clinical_plus_barrier,0.7428571428571429,0.20965132296336997
31,clinical_plus_myeloid_barrier,0.9142857142857143,0.17221941970028395
32,clinical_Mayo_age,0.6111111111111112,0.23969136627126886
32,clinical_plus_myeloid,0.6666666666666667,0.21795888932252352
32,clinical_plus_barrier,0.6388888888888888,0.24021670529528014
32,clinical_plus_myeloid_barrier,0.6666666666666667,0.21549686908883967
33,clinical_Mayo_age,0.19444444444444445,0.37356147110906884
33,clinical_plus_myeloid,0.27777777777777773,0.3386059095895155
33,clinical_plus_barrier,0.24999999999999997,0.35581866275283097
33,clinical_plus_myeloid_barrier,0.27777777777777773,0.3381917896045339
34,clinical_Mayo_age,0.9333333333333333,0.21580504999163128
34,clinical_plus_myeloid,0.6666666666666666,0.22860391548227585
34,clinical_plus_barrier,0.9,0.19337262365264699
34,clinical_plus_myeloid_barrier,0.6666666666666666,0.2565418972208221
35,clinical_Mayo_age,0.34285714285714286,0.2919572336820214
35,clinical_plus_myeloid,0.4857142857142857,0.25513252053819
35,clinical_plus_barrier,0.3428571428571428,0.2899892451669829
35,clinical_plus_myeloid_barrier,0.3999999999999999,0.2582710431825476
36,clinical_Mayo_age,0.7142857142857142,0.22375418003163916
36,clinical_plus_myeloid,0.8,0.1916398896433774
36,clinical_plus_barrier,0.6,0.24462446534063256
36,clinical_plus_myeloid_barrier,0.7714285714285714,0.2076365136495044
37,clinical_Mayo_age,0.4305555555555556,0.3008806418066606
37,clinical_plus_myeloid,0.6111111111111112,0.27821937159104576
37,clinical_plus_barrier,0.4722222222222222,0.292924928855787
37,clinical_plus_myeloid_barrier,0.6111111111111112,0.27742306011827833
38,clinical_Mayo_age,0.6388888888888888,0.2324129238817553
38,clinical_plus_myeloid,0.7777777777777778,0.205504945401732
38,clinical_plus_barrier,0.6944444444444446,0.22165409612884157
38,clinical_plus_myeloid_barrier,0.75,0.20392069938549373
39,clinical_Mayo_age,0.7333333333333333,0.22026514014270376
39,clinical_plus_myeloid,0.7333333333333333,0.23803903095719925
39,clinical_plus_barrier,0.8666666666666667,0.2003949338613954
39,clinical_plus_myeloid_barrier,0.6666666666666666,0.2395395706631339
40,clinical_Mayo_age,0.49999999999999994,0.27372939252972717
40,clinical_plus_myeloid,0.5714285714285714,0.2827940461040011
40,clinical_plus_barrier,0.5428571428571428,0.2575151433201552
40,clinical_plus_myeloid_barrier,0.5714285714285714,0.2858021153439189
41,clinical_Mayo_age,0.6571428571428571,0.22227040076239493
41,clinical_plus_myeloid,0.5142857142857142,0.2565870000884631
41,clinical_plus_barrier,0.7428571428571429,0.20627402755317967
41,clinical_plus_myeloid_barrier,0.48571428571428565,0.26300890590135056
42,clinical_Mayo_age,0.375,0.3170113502587785
42,clinical_plus_myeloid,0.5277777777777778,0.26799901706455376
42,clinical_plus_barrier,0.2222222222222222,0.33194672263156183
42,clinical_plus_myeloid_barrier,0.38888888888888884,0.2921052635019605
43,clinical_Mayo_age,0.763888888888889,0.2189968497592013
43,clinical_plus_myeloid,0.7222222222222222,0.21708581042001132
43,clinical_plus_barrier,0.5,0.29372635282134074
43,clinical_plus_myeloid_barrier,0.638888888888889,0.24892404515315367
44,clinical_Mayo_age,0.7666666666666667,0.22947054086753466
44,clinical_plus_myeloid,0.9,0.17373623770599403
44,clinical_plus_barrier,0.7333333333333333,0.21914070930734064
44,clinical_plus_myeloid_barrier,0.9,0.1755594435012215
45,clinical_Mayo_age,0.45714285714285713,0.29038989197797765
45,clinical_plus_myeloid,0.6857142857142857,0.2324998846937312
45,clinical_plus_barrier,0.45714285714285713,0.2846087441951
45,clinical_plus_myeloid_barrier,0.7142857142857143,0.2434431946664499
46,clinical_Mayo_age,0.8285714285714285,0.20910574675588653
46,clinical_plus_myeloid,0.7714285714285715,0.18106320443438526
46,clinical_plus_barrier,0.8857142857142858,0.19380921230951534
46,clinical_plus_myeloid_barrier,0.7714285714285715,0.17975836086377825
47,clinical_Mayo_age,0.7777777777777778,0.22339865895609387
47,clinical_plus_myeloid,0.5833333333333334,0.2607957312946751
47,clinical_plus_barrier,0.5555555555555556,0.2788596179597345
47,clinical_plus_myeloid_barrier,0.49999999999999994,0.29669901610477584
48,clinical_Mayo_age,0.5277777777777778,0.25625738799393444
48,clinical_plus_myeloid,0.44444444444444453,0.3048001483746885
48,clinical_plus_barrier,0.5,0.2604014205016252
48,clinical_plus_myeloid_barrier,0.47222222222222227,0.3031327687698447
49,clinical_Mayo_age,0.29999999999999993,0.32714570725948044
49,clinical_plus_myeloid,0.5666666666666667,0.2634926770279067
49,clinical_plus_barrier,0.39999999999999997,0.30749742931697627
49,clinical_plus_myeloid_barrier,0.5666666666666667,0.2623440137839484
50,clinical_Mayo_age,0.5428571428571428,0.2492123722049162
50,clinical_plus_myeloid,0.4857142857142857,0.27619181888257394
50,clinical_plus_barrier,0.6857142857142857,0.23254539018650203
50,clinical_plus_myeloid_barrier,0.4857142857142857,0.2756936317254926
51,clinical_Mayo_age,0.8285714285714285,0.21406406995525132
51,clinical_plus_myeloid,0.9428571428571428,0.16443252602136926
51,clinical_plus_barrier,0.8,0.21680263666923708
51,clinical_plus_myeloid_barrier,0.8857142857142857,0.17323636782264595
52,clinical_Mayo_age,0.5,0.2537454928394339
52,clinical_plus_myeloid,0.6388888888888888,0.24325767290159114
52,clinical_plus_barrier,0.6111111111111112,0.2624314264729281
52,clinical_plus_myeloid_barrier,0.6111111111111112,0.2514935663483427
53,clinical_Mayo_age,0.6111111111111112,0.24657244251652308
53,clinical_plus_myeloid,0.5833333333333334,0.27703376067537616
53,clinical_plus_barrier,0.6666666666666667,0.2416059293887682
53,clinical_plus_myeloid_barrier,0.5833333333333334,0.27557848974380783
54,clinical_Mayo_age,0.4666666666666666,0.27672742704862135
54,clinical_plus_myeloid,0.6666666666666666,0.22376845634359335
54,clinical_plus_barrier,0.5666666666666667,0.2585160981327918
54,clinical_plus_myeloid_barrier,0.6666666666666666,0.22227056290958436
55,clinical_Mayo_age,0.7428571428571429,0.2169431100257272
55,clinical_plus_myeloid,0.8857142857142857,0.1660678198958976
55,clinical_plus_barrier,0.7142857142857143,0.21338685239926206
55,clinical_plus_myeloid_barrier,0.8857142857142857,0.17395706448881917
56,clinical_Mayo_age,0.39999999999999997,0.27790220438897334
56,clinical_plus_myeloid,0.5714285714285714,0.274830002769898
56,clinical_plus_barrier,0.5142857142857142,0.26039213513709303
56,clinical_plus_myeloid_barrier,0.5142857142857142,0.2920999711881331
57,clinical_Mayo_age,0.8611111111111112,0.21910783079410676
57,clinical_plus_myeloid,0.9166666666666667,0.16661233750707719
57,clinical_plus_barrier,0.8055555555555556,0.20260360472138225
57,clinical_plus_myeloid_barrier,0.9166666666666667,0.1672716568436697
58,clinical_Mayo_age,0.6666666666666667,0.2269730964000832
58,clinical_plus_myeloid,0.2777777777777778,0.33157139061159663
58,clinical_plus_barrier,0.5555555555555556,0.24992960988945048
58,clinical_plus_myeloid_barrier,0.2222222222222222,0.3287433956890164
59,clinical_Mayo_age,0.3333333333333333,0.34152470728860146
59,clinical_plus_myeloid,0.39999999999999997,0.29582759367980654
59,clinical_plus_barrier,0.36666666666666664,0.34922163354757235
59,clinical_plus_myeloid_barrier,0.4333333333333333,0.309755433845537
60,clinical_Mayo_age,0.5428571428571428,0.2677350046191097
60,clinical_plus_myeloid,0.5714285714285714,0.28019769912899
60,clinical_plus_barrier,0.5428571428571428,0.3520250007025278
60,clinical_plus_myeloid_barrier,0.48571428571428565,0.3366330149189926
61,clinical_Mayo_age,0.7571428571428571,0.2225210420383433
61,clinical_plus_myeloid,0.7142857142857143,0.21478524308380434
61,clinical_plus_barrier,0.657142857142857,0.22691825904731844
61,clinical_plus_myeloid_barrier,0.7142857142857143,0.21627961276804586
62,clinical_Mayo_age,0.6944444444444444,0.23351093548344537
62,clinical_plus_myeloid,0.8611111111111112,0.2106450494521891
62,clinical_plus_barrier,0.8333333333333334,0.21316364638783117
62,clinical_plus_myeloid_barrier,0.8333333333333334,0.21627372359158062
63,clinical_Mayo_age,0.4166666666666667,0.2788231641052183
63,clinical_plus_myeloid,0.7222222222222222,0.2314222695084107
63,clinical_plus_barrier,0.5000000000000001,0.2707248898890969
63,clinical_plus_myeloid_barrier,0.75,0.23332040288755698
64,clinical_Mayo_age,0.6166666666666667,0.2296654848286751
64,clinical_plus_myeloid,0.7666666666666666,0.18374192387147287
64,clinical_plus_barrier,0.7,0.2095687849173978
64,clinical_plus_myeloid_barrier,0.7666666666666666,0.18467394111868163
65,clinical_Mayo_age,0.3142857142857143,0.2741416449291174
65,clinical_plus_myeloid,0.5714285714285714,0.23751369560652236
65,clinical_plus_barrier,0.48571428571428565,0.2568556362826649
65,clinical_plus_myeloid_barrier,0.5714285714285714,0.24446584331489596
66,clinical_Mayo_age,0.8,0.21420885666279268
66,clinical_plus_myeloid,0.9142857142857144,0.15493166428535182
66,clinical_plus_barrier,0.8,0.19571252300416286
66,clinical_plus_myeloid_barrier,0.9142857142857144,0.15287575723113975
67,clinical_Mayo_age,0.7222222222222223,0.22672722421982253
67,clinical_plus_myeloid,0.5555555555555556,0.28308508287275164
67,clinical_plus_barrier,0.7222222222222222,0.2302845158375708
67,clinical_plus_myeloid_barrier,0.5555555555555556,0.28049897886166697
68,clinical_Mayo_age,0.4027777777777778,0.2800812878704836
68,clinical_plus_myeloid,0.6944444444444445,0.2256730786303216
68,clinical_plus_barrier,0.4722222222222222,0.2810645192410262
68,clinical_plus_myeloid_barrier,0.6111111111111112,0.23517842013958323
69,clinical_Mayo_age,0.7333333333333334,0.22337923152921887
69,clinical_plus_myeloid,0.6,0.26874417767856923
69,clinical_plus_barrier,0.4,0.2761616622660385
69,clinical_plus_myeloid_barrier,0.5666666666666667,0.2908453062433556
70,clinical_Mayo_age,0.7285714285714285,0.22746099443394416
70,clinical_plus_myeloid,0.6571428571428571,0.224157126561811
70,clinical_plus_barrier,0.8,0.21775614028177412
70,clinical_plus_myeloid_barrier,0.6571428571428571,0.2423524232627122
71,clinical_Mayo_age,0.45714285714285713,0.2998424623652175
71,clinical_plus_myeloid,0.5142857142857142,0.27704372326651067
71,clinical_plus_barrier,0.42857142857142855,0.292610158703067
71,clinical_plus_myeloid_barrier,0.5428571428571428,0.27561052930328833
72,clinical_Mayo_age,0.6944444444444444,0.25561484454858435
72,clinical_plus_myeloid,0.638888888888889,0.24927250089266326
72,clinical_plus_barrier,0.4444444444444445,0.29355912656518934
72,clinical_plus_myeloid_barrier,0.638888888888889,0.2613935510006161
73,clinical_Mayo_age,0.7222222222222223,0.22392838141835272
73,clinical_plus_myeloid,0.6666666666666667,0.24963093230086494
73,clinical_plus_barrier,0.7500000000000001,0.22901775890738688
73,clinical_plus_myeloid_barrier,0.6944444444444444,0.250258840618272
74,clinical_Mayo_age,0.35,0.27491290889149966
74,clinical_plus_myeloid,0.7,0.21290381331148084
74,clinical_plus_barrier,0.5666666666666667,0.2679624567837774
74,clinical_plus_myeloid_barrier,0.7,0.22433735378682618
75,clinical_Mayo_age,0.5714285714285714,0.23561162512316156
75,clinical_plus_myeloid,0.6857142857142857,0.20408426163727456
75,clinical_plus_barrier,0.7714285714285714,0.21949742612278866
75,clinical_plus_myeloid_barrier,0.6857142857142857,0.20227929530192065
76,clinical_Mayo_age,0.4,0.2783852538562422
76,clinical_plus_myeloid,0.4285714285714285,0.27398358801782025
76,clinical_plus_barrier,0.3714285714285714,0.260948996913059
76,clinical_plus_myeloid_barrier,0.4571428571428571,0.28040615398182833
77,clinical_Mayo_age,0.5,0.24856871311171322
77,clinical_plus_myeloid,0.6388888888888888,0.25961391609810214
77,clinical_plus_barrier,0.6388888888888888,0.2507976921263137
77,clinical_plus_myeloid_barrier,0.5833333333333334,0.26287175051650563
78,clinical_Mayo_age,0.6666666666666666,0.22654311791675083
78,clinical_plus_myeloid,0.7777777777777778,0.20132293508693455
78,clinical_plus_barrier,0.7777777777777778,0.21560154090855096
78,clinical_plus_myeloid_barrier,0.7777777777777778,0.19924518483375175
79,clinical_Mayo_age,0.6666666666666666,0.2477078285932798
79,clinical_plus_myeloid,0.7666666666666666,0.21129885499432072
79,clinical_plus_barrier,0.5333333333333333,0.26944380154230496
79,clinical_plus_myeloid_barrier,0.7666666666666666,0.2315731817479728
80,clinical_Mayo_age,0.6142857142857142,0.23544381507521092
80,clinical_plus_myeloid,0.6,0.21626118919561574
80,clinical_plus_barrier,0.6857142857142857,0.2179462985976639
80,clinical_plus_myeloid_barrier,0.5714285714285714,0.21934181902154645
81,clinical_Mayo_age,0.45714285714285713,0.26319525736905885
81,clinical_plus_myeloid,0.6285714285714286,0.25888690504217976
81,clinical_plus_barrier,0.6,0.254894738748991
81,clinical_plus_myeloid_barrier,0.6285714285714286,0.2570635242409898
82,clinical_Mayo_age,0.5833333333333333,0.24921648136994365
82,clinical_plus_myeloid,0.6388888888888888,0.22043427473537658
82,clinical_plus_barrier,0.6111111111111112,0.26932959439084003
82,clinical_plus_myeloid_barrier,0.75,0.23323324136962184
83,clinical_Mayo_age,0.4444444444444444,0.31144687256455256
83,clinical_plus_myeloid,0.6111111111111112,0.28078824691932297
83,clinical_plus_barrier,0.5277777777777777,0.3112906392117096
83,clinical_plus_myeloid_barrier,0.638888888888889,0.2841258580916472
84,clinical_Mayo_age,0.4666666666666667,0.254603086456077
84,clinical_plus_myeloid,0.8,0.19757738505747635
84,clinical_plus_barrier,0.5666666666666667,0.24730937506718814
84,clinical_plus_myeloid_barrier,0.7666666666666666,0.20340309523844455
85,clinical_Mayo_age,0.22857142857142856,0.3485871603313568
85,clinical_plus_myeloid,0.48571428571428565,0.2874171960530633
85,clinical_plus_barrier,0.34285714285714286,0.33630233028008266
85,clinical_plus_myeloid_barrier,0.4285714285714285,0.3027767690659285
86,clinical_Mayo_age,0.41428571428571426,0.27130864991226883
86,clinical_plus_myeloid,0.6857142857142858,0.2669623921093884
86,clinical_plus_barrier,0.5714285714285714,0.2507896463252192
86,clinical_plus_myeloid_barrier,0.6857142857142858,0.26491824636542444
87,clinical_Mayo_age,0.6666666666666666,0.2574119326831857
87,clinical_plus_myeloid,0.6111111111111112,0.28774753714985113
87,clinical_plus_barrier,0.6944444444444444,0.27209829423536164
87,clinical_plus_myeloid_barrier,0.6666666666666667,0.2962070354290633
88,clinical_Mayo_age,0.6666666666666667,0.25965217772667976
88,clinical_plus_myeloid,0.75,0.2631442197559477
88,clinical_plus_barrier,0.6666666666666667,0.23951980336902837
88,clinical_plus_myeloid_barrier,0.75,0.2665356944418785
89,clinical_Mayo_age,0.8333333333333334,0.22040632888630798
89,clinical_plus_myeloid,0.6666666666666666,0.22054131051650358
89,clinical_plus_barrier,0.7333333333333334,0.22332085741068647
89,clinical_plus_myeloid_barrier,0.7,0.21784159100602196
90,clinical_Mayo_age,0.6,0.24846344012710087
90,clinical_plus_myeloid,0.7142857142857142,0.23022247316753197
90,clinical_plus_barrier,0.6,0.25084902981508034
90,clinical_plus_myeloid_barrier,0.6285714285714286,0.23764745167157533
91,clinical_Mayo_age,0.48571428571428565,0.2600802199383962
91,clinical_plus_myeloid,0.6571428571428571,0.22203513675547717
91,clinical_plus_barrier,0.5142857142857142,0.2783857990206159
91,clinical_plus_myeloid_barrier,0.6857142857142858,0.2392057376972808
92,clinical_Mayo_age,0.6666666666666667,0.2305681367787208
92,clinical_plus_myeloid,0.7222222222222222,0.23897026015466027
92,clinical_plus_barrier,0.5833333333333334,0.21641766439052731
92,clinical_plus_myeloid_barrier,0.7222222222222222,0.2382630923752506
93,clinical_Mayo_age,0.6111111111111112,0.23772536962065557
93,clinical_plus_myeloid,0.75,0.19907836602359008
93,clinical_plus_barrier,0.611111111111111,0.23309545225643793
93,clinical_plus_myeloid_barrier,0.7222222222222222,0.20237502891617423
94,clinical_Mayo_age,0.5333333333333333,0.23552481344920784
94,clinical_plus_myeloid,0.6333333333333333,0.22856268795117488
94,clinical_plus_barrier,0.6666666666666666,0.21927216960708176
94,clinical_plus_myeloid_barrier,0.6333333333333333,0.22909877726607758
95,clinical_Mayo_age,0.7428571428571429,0.22521796008477635
95,clinical_plus_myeloid,0.6857142857142857,0.2627248971036133
95,clinical_plus_barrier,0.6285714285714287,0.253301746488644
95,clinical_plus_myeloid_barrier,0.6857142857142857,0.2720803524860303
96,clinical_Mayo_age,0.45714285714285713,0.26838166664221136
96,clinical_plus_myeloid,0.5714285714285714,0.2613747864223694
96,clinical_plus_barrier,0.4857142857142857,0.2748580969519511
96,clinical_plus_myeloid_barrier,0.5428571428571428,0.26694099450574066
97,clinical_Mayo_age,0.7222222222222222,0.23167368338647373
97,clinical_plus_myeloid,0.8333333333333334,0.20601803927636586
97,clinical_plus_barrier,0.7500000000000001,0.22583492872739816
97,clinical_plus_myeloid_barrier,0.8611111111111112,0.20780736789785725
98,clinical_Mayo_age,0.4722222222222222,0.3084164276884697
98,clinical_plus_myeloid,0.5555555555555556,0.2743802904774337
98,clinical_plus_barrier,0.4444444444444444,0.2922648375539486
98,clinical_plus_myeloid_barrier,0.5277777777777777,0.2914062502999493
99,clinical_Mayo_age,0.75,0.21378843569554465
99,clinical_plus_myeloid,0.8333333333333333,0.18852421667632854
99,clinical_plus_barrier,0.7666666666666666,0.20507873335514876
99,clinical_plus_myeloid_barrier,0.8333333333333333,0.18697542936388556
100,clinical_Mayo_age,0.5428571428571428,0.23973582389769735
100,clinical_plus_myeloid,0.9142857142857143,0.17535666342154485
100,clinical_plus_barrier,0.657142857142857,0.22103684383301206
100,clinical_plus_myeloid_barrier,0.9142857142857143,0.17304253459438446
101,clinical_Mayo_age,0.7142857142857143,0.22670244763095193
101,clinical_plus_myeloid,0.7428571428571429,0.203048105006312
101,clinical_plus_barrier,0.6571428571428571,0.21652616300171798
101,clinical_plus_myeloid_barrier,0.7428571428571429,0.2018113215524628
102,clinical_Mayo_age,0.611111111111111,0.2596279263596687
102,clinical_plus_myeloid,0.6944444444444444,0.21999023668953246
102,clinical_plus_barrier,0.6944444444444445,0.24132120876635724
102,clinical_plus_myeloid_barrier,0.6944444444444444,0.22150385763398361
103,clinical_Mayo_age,0.7222222222222222,0.22741252983859717
103,clinical_plus_myeloid,0.5833333333333334,0.2977123924640667
103,clinical_plus_barrier,0.5,0.26747105683565203
103,clinical_plus_myeloid_barrier,0.5555555555555556,0.3052348094318692
104,clinical_Mayo_age,0.45,0.28145091868376676
104,clinical_plus_myeloid,0.43333333333333335,0.30209859221504504
104,clinical_plus_barrier,0.3333333333333333,0.3137829580176701
104,clinical_plus_myeloid_barrier,0.4666666666666667,0.31388142471968394
105,clinical_Mayo_age,0.5428571428571428,0.2784665144599664
105,clinical_plus_myeloid,0.6285714285714286,0.256656189805695
105,clinical_plus_barrier,0.5714285714285714,0.26691039589906046
105,clinical_plus_myeloid_barrier,0.6,0.25578559171069537
106,clinical_Mayo_age,0.34285714285714286,0.2892229615976142
106,clinical_plus_myeloid,0.6571428571428571,0.22522160250701717
106,clinical_plus_barrier,0.4285714285714286,0.269906930730464
106,clinical_plus_myeloid_barrier,0.6571428571428571,0.22349008157582603
107,clinical_Mayo_age,0.75,0.22661043629023606
107,clinical_plus_myeloid,0.49999999999999994,0.2838824201512767
107,clinical_plus_barrier,0.5277777777777778,0.27673360093484356
107,clinical_plus_myeloid_barrier,0.5,0.30386654407122304
108,clinical_Mayo_age,0.4722222222222222,0.25354607875921625
108,clinical_plus_myeloid,0.6388888888888891,0.23702322218963479
108,clinical_plus_barrier,0.6111111111111112,0.247929609424712
108,clinical_plus_myeloid_barrier,0.6388888888888888,0.2364880571146624
109,clinical_Mayo_age,0.6,0.2691562251302209
109,clinical_plus_myeloid,0.6,0.23636441295724223
109,clinical_plus_barrier,0.6,0.2552960241651812
109,clinical_plus_myeloid_barrier,0.6,0.235992326083095
110,clinical_Mayo_age,0.8,0.22254623333134985
110,clinical_plus_myeloid,0.8,0.18906466654084475
110,clinical_plus_barrier,0.7714285714285715,0.20432460573195657
110,clinical_plus_myeloid_barrier,0.7714285714285714,0.19171331400372074
111,clinical_Mayo_age,0.5714285714285714,0.24667250778258556
111,clinical_plus_myeloid,0.6857142857142857,0.24223036351338056
111,clinical_plus_barrier,0.5714285714285714,0.2527260203279187
111,clinical_plus_myeloid_barrier,0.6857142857142857,0.2440942203577582
112,clinical_Mayo_age,0.5833333333333334,0.25384803131830064
112,clinical_plus_myeloid,0.6666666666666667,0.2344275486912606
112,clinical_plus_barrier,0.3611111111111111,0.2865066415091794
112,clinical_plus_myeloid_barrier,0.5555555555555556,0.2512971784995865
113,clinical_Mayo_age,0.19444444444444442,0.3146186211207849
113,clinical_plus_myeloid,0.5277777777777777,0.2525009162135901
113,clinical_plus_barrier,0.24999999999999994,0.2967289721424746
113,clinical_plus_myeloid_barrier,0.5555555555555556,0.25325683709310215
114,clinical_Mayo_age,0.4333333333333333,0.28983363139919066
114,clinical_plus_myeloid,0.4333333333333333,0.27794825495448733
114,clinical_plus_barrier,0.5,0.2856345772565922
114,clinical_plus_myeloid_barrier,0.4333333333333333,0.2775382573012299
115,clinical_Mayo_age,0.6285714285714286,0.23810059642656675
115,clinical_plus_myeloid,0.6857142857142857,0.21510692090816694
115,clinical_plus_barrier,0.6285714285714286,0.22854812927026702
115,clinical_plus_myeloid_barrier,0.6571428571428571,0.21417399016315322
116,clinical_Mayo_age,0.47142857142857136,0.25593499471990916
116,clinical_plus_myeloid,0.5714285714285714,0.26790663457742053
116,clinical_plus_barrier,0.5142857142857143,0.27288163463896375
116,clinical_plus_myeloid_barrier,0.5714285714285714,0.273967286171048
117,clinical_Mayo_age,0.5,0.25875598377859255
117,clinical_plus_myeloid,0.5833333333333333,0.24499819214352728
117,clinical_plus_barrier,0.6111111111111112,0.24144638943071992
117,clinical_plus_myeloid_barrier,0.5833333333333333,0.24893575229801027
118,clinical_Mayo_age,0.6111111111111112,0.23840604662249823
118,clinical_plus_myeloid,0.888888888888889,0.18858650174581196
118,clinical_plus_barrier,0.6944444444444445,0.22157905483248408
118,clinical_plus_myeloid_barrier,0.888888888888889,0.18638509889129617
119,clinical_Mayo_age,0.6,0.2439416914964819
119,clinical_plus_myeloid,0.5,0.23157317361353363
119,clinical_plus_barrier,0.5,0.3030842031162473
119,clinical_plus_myeloid_barrier,0.4666666666666666,0.28451082709386327
120,clinical_Mayo_age,0.39999999999999997,0.27627624231996245
120,clinical_plus_myeloid,0.5142857142857142,0.26552406337493845
120,clinical_plus_barrier,0.48571428571428565,0.26229542009832824
120,clinical_plus_myeloid_barrier,0.5142857142857142,0.26481568664702543
121,clinical_Mayo_age,0.6285714285714286,0.2447633431518018
121,clinical_plus_myeloid,0.6571428571428571,0.2606400299185571
121,clinical_plus_barrier,0.48571428571428565,0.29226250862817754
121,clinical_plus_myeloid_barrier,0.6,0.28864712017213584
122,clinical_Mayo_age,0.888888888888889,0.22701617490497136
122,clinical_plus_myeloid,0.6388888888888888,0.2627201680054672
122,clinical_plus_barrier,0.5555555555555556,0.24147035758428806
122,clinical_plus_myeloid_barrier,0.4722222222222222,0.2642977372692012
123,clinical_Mayo_age,0.5694444444444445,0.2559715232461402
123,clinical_plus_myeloid,0.5833333333333334,0.2263369459446056
123,clinical_plus_barrier,0.6111111111111112,0.23894468492425158
123,clinical_plus_myeloid_barrier,0.5833333333333334,0.22820660807995577
124,clinical_Mayo_age,0.39999999999999997,0.2974974487687667
124,clinical_plus_myeloid,0.6333333333333333,0.2400225524359281
124,clinical_plus_barrier,0.4666666666666666,0.28487543779888747
124,clinical_plus_myeloid_barrier,0.6666666666666666,0.24280967868329884
125,clinical_Mayo_age,0.5714285714285714,0.24149956883440563
125,clinical_plus_myeloid,0.7142857142857143,0.20444125639675947
125,clinical_plus_barrier,0.6285714285714286,0.23625848747806863
125,clinical_plus_myeloid_barrier,0.7142857142857143,0.20378080370800997
126,clinical_Mayo_age,0.4285714285714286,0.31565491261328804
126,clinical_plus_myeloid,0.5142857142857142,0.27273322955208906
126,clinical_plus_barrier,0.3142857142857143,0.3227831484415271
126,clinical_plus_myeloid_barrier,0.4,0.2915607916186684
127,clinical_Mayo_age,0.7222222222222223,0.22594882820562157
127,clinical_plus_myeloid,0.7222222222222223,0.22127663500907138
127,clinical_plus_barrier,0.7777777777777778,0.22625057936062487
127,clinical_plus_myeloid_barrier,0.7222222222222223,0.22070068042145818
128,clinical_Mayo_age,0.6666666666666667,0.23004849990082762
128,clinical_plus_myeloid,0.888888888888889,0.17549875441506724
128,clinical_plus_barrier,0.8611111111111112,0.20721162738603383
128,clinical_plus_myeloid_barrier,0.8611111111111112,0.17840407161219593
129,clinical_Mayo_age,0.4666666666666667,0.2610882971275213
129,clinical_plus_myeloid,0.4666666666666667,0.29068771649087943
129,clinical_plus_barrier,0.6,0.24616646078178486
129,clinical_plus_myeloid_barrier,0.43333333333333335,0.2874835124547693
130,clinical_Mayo_age,0.4857142857142857,0.2551313819843202
130,clinical_plus_myeloid,0.5428571428571428,0.2516993087187173
130,clinical_plus_barrier,0.22857142857142854,0.29129837559810473
130,clinical_plus_myeloid_barrier,0.39999999999999997,0.2817380144763314
131,clinical_Mayo_age,0.42857142857142855,0.2661181847127419
131,clinical_plus_myeloid,0.7714285714285714,0.20049819547618866
131,clinical_plus_barrier,0.5428571428571428,0.26766281192435587
131,clinical_plus_myeloid_barrier,0.6857142857142857,0.21788623452250366
132,clinical_Mayo_age,0.5833333333333333,0.2613327059769565
132,clinical_plus_myeloid,0.6666666666666667,0.217117059987039
132,clinical_plus_barrier,0.47222222222222227,0.26983277229279407
132,clinical_plus_myeloid_barrier,0.6944444444444444,0.22683550504091587
133,clinical_Mayo_age,0.2777777777777778,0.3116299184819929
133,clinical_plus_myeloid,0.5833333333333333,0.27775136068263956
133,clinical_plus_barrier,0.3055555555555556,0.30085465558126967
133,clinical_plus_myeloid_barrier,0.4444444444444444,0.2908304352281028
134,clinical_Mayo_age,0.85,0.21455878534930245
134,clinical_plus_myeloid,0.6666666666666666,0.24526252770807383
134,clinical_plus_barrier,1.0,0.19664967526007715
134,clinical_plus_myeloid_barrier,0.6333333333333333,0.25333553094931677
135,clinical_Mayo_age,0.6,0.2703440801466261
135,clinical_plus_myeloid,0.7142857142857143,0.21367045021278439
135,clinical_plus_barrier,0.6,0.2510568398908584
135,clinical_plus_myeloid_barrier,0.6857142857142857,0.21249815733723396
136,clinical_Mayo_age,0.8428571428571429,0.22122994899071488
136,clinical_plus_myeloid,0.7428571428571429,0.20294562346647416
136,clinical_plus_barrier,0.6285714285714286,0.24208541149028776
136,clinical_plus_myeloid_barrier,0.7428571428571429,0.21890462725759238
137,clinical_Mayo_age,0.3055555555555555,0.3025209742977255
137,clinical_plus_myeloid,0.6388888888888888,0.24838657065612293
137,clinical_plus_barrier,0.3333333333333333,0.3058146255771105
137,clinical_plus_myeloid_barrier,0.5833333333333335,0.26528413824134794
138,clinical_Mayo_age,0.5555555555555556,0.2555959365468752
138,clinical_plus_myeloid,0.38888888888888884,0.4094171096941479
138,clinical_plus_barrier,0.4444444444444444,0.2841914665644537
138,clinical_plus_myeloid_barrier,0.38888888888888884,0.40849918378824496
139,clinical_Mayo_age,0.7333333333333333,0.22288718270052693
139,clinical_plus_myeloid,1.0,0.1649574630267319
139,clinical_plus_barrier,0.9,0.20509500328586325
139,clinical_plus_myeloid_barrier,0.9333333333333333,0.1705622601684249
140,clinical_Mayo_age,0.5714285714285714,0.23945670163859603
140,clinical_plus_myeloid,0.7428571428571429,0.20430099698802665
140,clinical_plus_barrier,0.4857142857142857,0.2801732583962691
140,clinical_plus_myeloid_barrier,0.6,0.24131929404570837
141,clinical_Mayo_age,0.6571428571428571,0.2369953998038403
141,clinical_plus_myeloid,0.6571428571428571,0.22107319632641356
141,clinical_plus_barrier,0.6285714285714286,0.221754710404345
141,clinical_plus_myeloid_barrier,0.6571428571428571,0.22196180206734004
142,clinical_Mayo_age,0.5,0.26371710616118654
142,clinical_plus_myeloid,0.5555555555555556,0.32497470562815
142,clinical_plus_barrier,0.4444444444444445,0.2918659021901772
142,clinical_plus_myeloid_barrier,0.47222222222222227,0.328621348386899
143,clinical_Mayo_age,0.8055555555555556,0.2221191060686104
143,clinical_plus_myeloid,0.8333333333333335,0.1845253373377912
143,clinical_plus_barrier,0.888888888888889,0.20531966435226703
143,clinical_plus_myeloid_barrier,0.8333333333333335,0.18432978580489692
144,clinical_Mayo_age,0.5333333333333333,0.24903866588304605
144,clinical_plus_myeloid,0.7666666666666666,0.21019146330266622
144,clinical_plus_barrier,0.6,0.23757799236263005
144,clinical_plus_myeloid_barrier,0.8,0.20890815050381087
145,clinical_Mayo_age,0.5142857142857142,0.25112728070715
145,clinical_plus_myeloid,0.6571428571428571,0.22764013195019409
145,clinical_plus_barrier,0.6285714285714286,0.23336752948896533
145,clinical_plus_myeloid_barrier,0.6,0.23918263424429273
146,clinical_Mayo_age,0.7571428571428571,0.2280242299151829
146,clinical_plus_myeloid,0.8285714285714285,0.1791333127797996
146,clinical_plus_barrier,0.7428571428571429,0.21304750936785208
146,clinical_plus_myeloid_barrier,0.7714285714285714,0.17971986237592055
147,clinical_Mayo_age,0.5,0.25402750995357737
147,clinical_plus_myeloid,0.6388888888888888,0.24360442344707814
147,clinical_plus_barrier,0.4444444444444444,0.30327123892709923
147,clinical_plus_myeloid_barrier,0.5277777777777778,0.2794753628528742
148,clinical_Mayo_age,0.8055555555555556,0.21746108722356353
148,clinical_plus_myeloid,0.75,0.23027161282867326
148,clinical_plus_barrier,0.8055555555555556,0.20311137586049002
148,clinical_plus_myeloid_barrier,0.75,0.23008729620179535
149,clinical_Mayo_age,0.4333333333333333,0.2967204204446054
149,clinical_plus_myeloid,0.6,0.27560274494787085
149,clinical_plus_barrier,0.36666666666666664,0.29809250917651336
149,clinical_plus_myeloid_barrier,0.5666666666666667,0.28012110649151645
150,clinical_Mayo_age,0.5714285714285714,0.2563608973788472
150,clinical_plus_myeloid,0.5428571428571428,0.2468913403426458
150,clinical_plus_barrier,0.5142857142857142,0.2840151567785301
150,clinical_plus_myeloid_barrier,0.5714285714285714,0.269838644082398
151,clinical_Mayo_age,0.7142857142857143,0.2296385786510282
151,clinical_plus_myeloid,0.6571428571428571,0.22519142695651406
151,clinical_plus_barrier,0.5142857142857142,0.23662135607886384
151,clinical_plus_myeloid_barrier,0.5142857142857142,0.2277377339149087
152,clinical_Mayo_age,0.6111111111111112,0.2561157854932275
152,clinical_plus_myeloid,0.7222222222222222,0.2398034035221539
152,clinical_plus_barrier,0.6666666666666666,0.2472417124904629
152,clinical_plus_myeloid_barrier,0.7222222222222222,0.24010684551555453
153,clinical_Mayo_age,0.5,0.2452845504796077
153,clinical_plus_myeloid,0.9166666666666667,0.213794357286599
153,clinical_plus_barrier,0.6944444444444444,0.22742688111709028
153,clinical_plus_myeloid_barrier,0.9166666666666667,0.21557873435386452
154,clinical_Mayo_age,0.7,0.24846451692996327
154,clinical_plus_myeloid,0.7,0.2547317881211045
154,clinical_plus_barrier,0.6666666666666666,0.2477185383966388
154,clinical_plus_myeloid_barrier,0.7333333333333333,0.25212481385368896
155,clinical_Mayo_age,0.5428571428571428,0.24518891940453466
155,clinical_plus_myeloid,0.6571428571428571,0.2084889958999795
155,clinical_plus_barrier,0.4857142857142857,0.30129803847122727
155,clinical_plus_myeloid_barrier,0.5142857142857142,0.2715971080362773
156,clinical_Mayo_age,0.8571428571428572,0.2271597370606048
156,clinical_plus_myeloid,0.5714285714285714,0.2945421270560898
156,clinical_plus_barrier,0.7714285714285714,0.23032461419516428
156,clinical_plus_myeloid_barrier,0.5714285714285714,0.2919472043778614
157,clinical_Mayo_age,0.7222222222222222,0.2253136566068528
157,clinical_plus_myeloid,0.9444444444444445,0.16484058553069705
157,clinical_plus_barrier,0.8333333333333334,0.22192003221622625
157,clinical_plus_myeloid_barrier,0.9444444444444445,0.17765011598162617
158,clinical_Mayo_age,0.6666666666666666,0.24821834673949572
158,clinical_plus_myeloid,0.6666666666666667,0.22603207425782412
158,clinical_plus_barrier,0.6944444444444444,0.23155556774563582
158,clinical_plus_myeloid_barrier,0.6388888888888888,0.22877797799756983
159,clinical_Mayo_age,0.39999999999999997,0.2701337128340287
159,clinical_plus_myeloid,0.4666666666666666,0.28261092924773207
159,clinical_plus_barrier,0.4333333333333333,0.2546083129698553
159,clinical_plus_myeloid_barrier,0.4666666666666666,0.28255539102914423
160,clinical_Mayo_age,0.4714285714285714,0.256626703495629
160,clinical_plus_myeloid,0.8285714285714285,0.18792146793042783
160,clinical_plus_barrier,0.3428571428571428,0.2534310002845254
160,clinical_plus_myeloid_barrier,0.8285714285714285,0.19795806358301093
161,clinical_Mayo_age,0.6285714285714286,0.23050952928489513
161,clinical_plus_myeloid,0.6285714285714286,0.2833032395783937
161,clinical_plus_barrier,0.5142857142857142,0.27197992834711876
161,clinical_plus_myeloid_barrier,0.6,0.286893739906668
162,clinical_Mayo_age,0.41666666666666674,0.282073835852115
162,clinical_plus_myeloid,0.6111111111111112,0.2346245795936084
162,clinical_plus_barrier,0.5,0.2702688266241217
162,clinical_plus_myeloid_barrier,0.5,0.25559201363143985
163,clinical_Mayo_age,0.763888888888889,0.2193263749582769
163,clinical_plus_myeloid,0.7222222222222222,0.22971092501684873
163,clinical_plus_barrier,0.7222222222222222,0.21123026193248806
163,clinical_plus_myeloid_barrier,0.7222222222222222,0.22966345682983422
164,clinical_Mayo_age,0.43333333333333335,0.2670089847669427
164,clinical_plus_myeloid,0.6666666666666667,0.21853685510369633
164,clinical_plus_barrier,0.5,0.2630092795053715
164,clinical_plus_myeloid_barrier,0.6333333333333333,0.22699692126380572
165,clinical_Mayo_age,0.5,0.25634687621644137
165,clinical_plus_myeloid,0.5428571428571428,0.2772008043784044
165,clinical_plus_barrier,0.5714285714285714,0.2671042899130283
165,clinical_plus_myeloid_barrier,0.5428571428571428,0.28128268559804587
166,clinical_Mayo_age,0.8,0.2106122537764288
166,clinical_plus_myeloid,0.8,0.20040851374472482
166,clinical_plus_barrier,0.8,0.19885717504226366
166,clinical_plus_myeloid_barrier,0.8,0.1981224889655171
167,clinical_Mayo_age,0.8333333333333334,0.22039576269881733
167,clinical_plus_myeloid,0.7222222222222222,0.21372615103112477
167,clinical_plus_barrier,0.8333333333333334,0.2012117663018903
167,clinical_plus_myeloid_barrier,0.7222222222222222,0.2122009690525286
168,clinical_Mayo_age,0.5555555555555556,0.2681767450348102
168,clinical_plus_myeloid,0.5555555555555556,0.24883917000527866
168,clinical_plus_barrier,0.5833333333333334,0.25726264141598076
168,clinical_plus_myeloid_barrier,0.5555555555555556,0.24740716915098396
169,clinical_Mayo_age,0.3333333333333333,0.28978824247191803
169,clinical_plus_myeloid,0.5666666666666667,0.2258650705660715
169,clinical_plus_barrier,0.39999999999999997,0.2882167789695869
169,clinical_plus_myeloid_barrier,0.6333333333333333,0.24282922215243116
170,clinical_Mayo_age,0.5428571428571428,0.26093502245406064
170,clinical_plus_myeloid,0.7142857142857142,0.22975495337601173
170,clinical_plus_barrier,0.5428571428571428,0.24779897657939673
170,clinical_plus_myeloid_barrier,0.7142857142857142,0.22903840171660148
171,clinical_Mayo_age,0.5714285714285714,0.2444688275356601
171,clinical_plus_myeloid,0.6285714285714286,0.22653028035239667
171,clinical_plus_barrier,0.6285714285714286,0.23559731865492264
171,clinical_plus_myeloid_barrier,0.6285714285714286,0.22534686607915777
172,clinical_Mayo_age,0.8055555555555556,0.21661869522137087
172,clinical_plus_myeloid,0.611111111111111,0.2565946261518686
172,clinical_plus_barrier,0.5,0.26226773424190225
172,clinical_plus_myeloid_barrier,0.5555555555555556,0.2658264718105616
173,clinical_Mayo_age,0.4861111111111111,0.2665468465333736
173,clinical_plus_myeloid,0.6388888888888888,0.2396239423347792
173,clinical_plus_barrier,0.5,0.270712652539867
173,clinical_plus_myeloid_barrier,0.6111111111111112,0.24817662424874268
174,clinical_Mayo_age,0.6333333333333333,0.24436184598526245
174,clinical_plus_myeloid,0.7999999999999999,0.18941980508356496
174,clinical_plus_barrier,0.7,0.22705683998983694
174,clinical_plus_myeloid_barrier,0.7666666666666666,0.1920856831425646
175,clinical_Mayo_age,0.4285714285714285,0.25607628077149086
175,clinical_plus_myeloid,0.657142857142857,0.2257354070667376
175,clinical_plus_barrier,0.4857142857142857,0.247839292116711
175,clinical_plus_myeloid_barrier,0.6000000000000001,0.24420831792881903
176,clinical_Mayo_age,0.7285714285714285,0.2171519742633279
176,clinical_plus_myeloid,0.8285714285714286,0.20210704879725608
176,clinical_plus_barrier,0.4857142857142857,0.23122912251718078
176,clinical_plus_myeloid_barrier,0.7714285714285715,0.20778220038997708
177,clinical_Mayo_age,0.6527777777777778,0.23472839439204266
177,clinical_plus_myeloid,0.75,0.200768382894149
177,clinical_plus_barrier,0.6111111111111112,0.24069710026671168
177,clinical_plus_myeloid_barrier,0.7222222222222223,0.20858034844337048
178,clinical_Mayo_age,0.5555555555555556,0.24972457893899005
178,clinical_plus_myeloid,0.6111111111111112,0.238838228773631
178,clinical_plus_barrier,0.4166666666666667,0.29735716431840536
178,clinical_plus_myeloid_barrier,0.5,0.2668576344011642
179,clinical_Mayo_age,0.39999999999999997,0.28315462107415706
179,clinical_plus_myeloid,0.6666666666666667,0.24049863415635173
179,clinical_plus_barrier,0.4333333333333333,0.2699859635822128
179,clinical_plus_myeloid_barrier,0.6666666666666667,0.23934420068718323
180,clinical_Mayo_age,0.48571428571428565,0.24686809517300554
180,clinical_plus_myeloid,0.4571428571428572,0.2766289311227383
180,clinical_plus_barrier,0.6,0.2291408138650479
180,clinical_plus_myeloid_barrier,0.3428571428571428,0.297853589933582
181,clinical_Mayo_age,0.37142857142857144,0.2582215162290023
181,clinical_plus_myeloid,0.7428571428571429,0.20074105634960795
181,clinical_plus_barrier,0.28571428571428575,0.3236015636386787
181,clinical_plus_myeloid_barrier,0.39999999999999997,0.2925466935736511
182,clinical_Mayo_age,0.9444444444444444,0.22764511911141713
182,clinical_plus_myeloid,0.6111111111111112,0.2617612461814997
182,clinical_plus_barrier,0.8333333333333334,0.20499923912088347
182,clinical_plus_myeloid_barrier,0.6111111111111112,0.26040255091909015
183,clinical_Mayo_age,0.4444444444444444,0.28425760520102933
183,clinical_plus_myeloid,0.5277777777777777,0.265661899304967
183,clinical_plus_barrier,0.5555555555555556,0.27072224494505975
183,clinical_plus_myeloid_barrier,0.5277777777777777,0.2645017732293807
184,clinical_Mayo_age,0.5,0.25567083427757553
184,clinical_plus_myeloid,0.7333333333333333,0.216696440731022
184,clinical_plus_barrier,0.5333333333333333,0.24906894770832838
184,clinical_plus_myeloid_barrier,0.7333333333333333,0.21945069946457874
185,clinical_Mayo_age,0.6857142857142857,0.22886735982107756
185,clinical_plus_myeloid,0.7142857142857143,0.2529240715091682
185,clinical_plus_barrier,0.7428571428571429,0.21693192523830607
185,clinical_plus_myeloid_barrier,0.6857142857142857,0.25064653769829004
186,clinical_Mayo_age,0.6428571428571428,0.22356714720063633
186,clinical_plus_myeloid,0.6285714285714286,0.21682721768940713
186,clinical_plus_barrier,0.4571428571428571,0.25492874363518214
186,clinical_plus_myeloid_barrier,0.5714285714285714,0.23279680653323262
187,clinical_Mayo_age,0.5833333333333334,0.26043555363365994
187,clinical_plus_myeloid,0.7777777777777778,0.21417192379058778
187,clinical_plus_barrier,0.5833333333333333,0.26649955427434324
187,clinical_plus_myeloid_barrier,0.7500000000000001,0.23287717364931929
188,clinical_Mayo_age,0.6111111111111112,0.2437298334699141
188,clinical_plus_myeloid,0.5277777777777778,0.2523919223332622
188,clinical_plus_barrier,0.6944444444444445,0.2275914627018315
188,clinical_plus_myeloid_barrier,0.5277777777777778,0.2550335746487595
189,clinical_Mayo_age,0.5333333333333333,0.25505724032442906
189,clinical_plus_myeloid,0.7333333333333333,0.2137387706224513
189,clinical_plus_barrier,0.5666666666666667,0.2422976638029583
189,clinical_plus_myeloid_barrier,0.8,0.21203783844949375
190,clinical_Mayo_age,0.657142857142857,0.232560271811845
190,clinical_plus_myeloid,0.6571428571428571,0.2207651989534473
190,clinical_plus_barrier,0.5714285714285714,0.23052968939627672
190,clinical_plus_myeloid_barrier,0.6285714285714286,0.22017027013704146
191,clinical_Mayo_age,0.4571428571428571,0.27201731393603124
191,clinical_plus_myeloid,0.5714285714285714,0.26755441112603023
191,clinical_plus_barrier,0.5142857142857142,0.3128670360752076
191,clinical_plus_myeloid_barrier,0.5714285714285714,0.2926859527719909
192,clinical_Mayo_age,0.7916666666666667,0.22256928092655948
192,clinical_plus_myeloid,0.888888888888889,0.17027762922203957
192,clinical_plus_barrier,0.6111111111111112,0.22664477616973763
192,clinical_plus_myeloid_barrier,0.8055555555555556,0.18414848110775628
193,clinical_Mayo_age,0.5277777777777778,0.2674306796367873
193,clinical_plus_myeloid,0.5555555555555556,0.29836039213386123
193,clinical_plus_barrier,0.5555555555555556,0.2480644013738086
193,clinical_plus_myeloid_barrier,0.5277777777777778,0.3082745926565848
194,clinical_Mayo_age,0.5833333333333333,0.2285134828004534
194,clinical_plus_myeloid,0.9,0.18065008922130985
194,clinical_plus_barrier,0.7666666666666666,0.210519695533655
194,clinical_plus_myeloid_barrier,0.9,0.17855371538058185
195,clinical_Mayo_age,0.6285714285714286,0.259657974498308
195,clinical_plus_myeloid,0.6857142857142857,0.23066357060088005
195,clinical_plus_barrier,0.6571428571428571,0.2529607288704617
195,clinical_plus_myeloid_barrier,0.6857142857142857,0.2290137772983494
196,clinical_Mayo_age,0.14285714285714285,0.2904096546072347
196,clinical_plus_myeloid,0.4857142857142857,0.30307646246982817
196,clinical_plus_barrier,0.28571428571428564,0.2868284148194957
196,clinical_plus_myeloid_barrier,0.5142857142857143,0.30067091130790385
197,clinical_Mayo_age,0.7222222222222222,0.22428340534899147
197,clinical_plus_myeloid,0.8333333333333334,0.17540348010379347
197,clinical_plus_barrier,0.6666666666666667,0.2371706926327074
197,clinical_plus_myeloid_barrier,0.8055555555555556,0.1971728568494525
198,clinical_Mayo_age,0.5277777777777778,0.25631795769425053
198,clinical_plus_myeloid,0.7222222222222223,0.2481540405545073
198,clinical_plus_barrier,0.6666666666666667,0.24018390154636574
198,clinical_plus_myeloid_barrier,0.7222222222222223,0.2528582965106541
199,clinical_Mayo_age,0.4333333333333333,0.2939255800491049
199,clinical_plus_myeloid,0.5666666666666667,0.28624024788762176
199,clinical_plus_barrier,0.4333333333333333,0.3065813505880002
199,clinical_plus_myeloid_barrier,0.5333333333333333,0.2989191287733415
200,clinical_Mayo_age,0.48571428571428565,0.2597687642941559
200,clinical_plus_myeloid,0.6,0.23491921515964664
200,clinical_plus_barrier,0.5428571428571428,0.2437587469503808
200,clinical_plus_myeloid_barrier,0.6,0.23595862347348928
201,clinical_Mayo_age,0.39999999999999997,0.30746734617972243
201,clinical_plus_myeloid,0.45714285714285713,0.33550448444699993
201,clinical_plus_barrier,0.4,0.3516114734106787
201,clinical_plus_myeloid_barrier,0.45714285714285713,0.35931733557038653
202,clinical_Mayo_age,0.7777777777777778,0.22283793501865257
202,clinical_plus_myeloid,0.9166666666666667,0.16225957395602478
202,clinical_plus_barrier,0.888888888888889,0.20641198459759028
202,clinical_plus_myeloid_barrier,0.888888888888889,0.16160806985760942
203,clinical_Mayo_age,0.513888888888889,0.2612817029776228
203,clinical_plus_myeloid,0.5277777777777778,0.2563395491221392
203,clinical_plus_barrier,0.5833333333333333,0.2445010706051677
203,clinical_plus_myeloid_barrier,0.5277777777777778,0.2566737327852849
204,clinical_Mayo_age,0.6,0.2324063787178418
204,clinical_plus_myeloid,0.8666666666666667,0.19032708284547706
204,clinical_plus_barrier,0.6,0.250028946221486
204,clinical_plus_myeloid_barrier,0.8,0.20963639166549122
205,clinical_Mayo_age,0.6285714285714286,0.24883600387626004
205,clinical_plus_myeloid,0.7142857142857143,0.21512919396300859
205,clinical_plus_barrier,0.6571428571428571,0.2333481583679823
205,clinical_plus_myeloid_barrier,0.7142857142857143,0.2131120346169132
206,clinical_Mayo_age,0.7714285714285714,0.2169910444295616
206,clinical_plus_myeloid,0.8571428571428571,0.21853527263643244
206,clinical_plus_barrier,0.9142857142857143,0.20305225202778762
206,clinical_plus_myeloid_barrier,0.8571428571428571,0.21854879720394407
207,clinical_Mayo_age,0.5833333333333334,0.254333197362748
207,clinical_plus_myeloid,0.6666666666666667,0.22975135536333022
207,clinical_plus_barrier,0.6944444444444445,0.2362498904904471
207,clinical_plus_myeloid_barrier,0.638888888888889,0.23311637789836034
208,clinical_Mayo_age,0.6111111111111112,0.2457169112190424
208,clinical_plus_myeloid,0.7222222222222222,0.21486924182694978
208,clinical_plus_barrier,0.6111111111111112,0.27134716455672564
208,clinical_plus_myeloid_barrier,0.7222222222222222,0.2420418375350989
209,clinical_Mayo_age,0.6,0.23415933334526884
209,clinical_plus_myeloid,0.7333333333333333,0.22228739348953583
209,clinical_plus_barrier,0.5,0.2695924633095471
209,clinical_plus_myeloid_barrier,0.7666666666666666,0.24212840954630704
210,clinical_Mayo_age,0.8571428571428571,0.2177945737263802
210,clinical_plus_myeloid,0.8285714285714285,0.18437857253912573
210,clinical_plus_barrier,0.9142857142857144,0.2003241409499059
210,clinical_plus_myeloid_barrier,0.8285714285714285,0.18468113423800392
211,clinical_Mayo_age,0.5142857142857142,0.2651110170065972
211,clinical_plus_myeloid,0.7428571428571429,0.19464743547376806
211,clinical_plus_barrier,0.5142857142857142,0.2563835085110328
211,clinical_plus_myeloid_barrier,0.8,0.20301159893491236
212,clinical_Mayo_age,0.7222222222222222,0.22833462944538227
212,clinical_plus_myeloid,0.8333333333333334,0.21614685934751124
212,clinical_plus_barrier,0.6944444444444445,0.24104211943160744
212,clinical_plus_myeloid_barrier,0.7777777777777778,0.23179551447371194
213,clinical_Mayo_age,0.2222222222222222,0.3758126201114862
213,clinical_plus_myeloid,0.3055555555555555,0.34644330078948443
213,clinical_plus_barrier,0.16666666666666666,0.3711791937917373
213,clinical_plus_myeloid_barrier,0.24999999999999997,0.347803325550406
214,clinical_Mayo_age,0.7,0.2218364747424072
214,clinical_plus_myeloid,0.6,0.30183088741348985
214,clinical_plus_barrier,0.7,0.21643944459220069
214,clinical_plus_myeloid_barrier,0.6,0.3007245951228131
215,clinical_Mayo_age,0.8571428571428572,0.21201240446353173
215,clinical_plus_myeloid,0.2571428571428571,0.3661530046473997
215,clinical_plus_barrier,0.42857142857142855,0.2974246373793354
215,clinical_plus_myeloid_barrier,0.2571428571428571,0.3879935329605459
216,clinical_Mayo_age,0.5142857142857142,0.25945679203340616
216,clinical_plus_myeloid,0.7714285714285714,0.18960226312543546
216,clinical_plus_barrier,0.5428571428571428,0.2421118371161768
216,clinical_plus_myeloid_barrier,0.7428571428571429,0.19306575417485036
217,clinical_Mayo_age,0.6111111111111112,0.24655398966543973
217,clinical_plus_myeloid,0.9166666666666667,0.1805333770426237
217,clinical_plus_barrier,0.638888888888889,0.23096400966894834
217,clinical_plus_myeloid_barrier,0.888888888888889,0.18631696824058833
218,clinical_Mayo_age,0.5555555555555556,0.25646136249322354
218,clinical_plus_myeloid,0.6666666666666667,0.2477868379011786
218,clinical_plus_barrier,0.6111111111111112,0.24382722187261438
218,clinical_plus_myeloid_barrier,0.6666666666666667,0.2461839455908763
219,clinical_Mayo_age,0.39999999999999997,0.2823856517096292
219,clinical_plus_myeloid,0.4333333333333333,0.27153613470462684
219,clinical_plus_barrier,0.4666666666666666,0.28492313433417826
219,clinical_plus_myeloid_barrier,0.4333333333333333,0.273926944210683
220,clinical_Mayo_age,0.4571428571428572,0.27409516631553216
220,clinical_plus_myeloid,0.7142857142857142,0.2213371969112523
220,clinical_plus_barrier,0.4285714285714285,0.31196380200840257
220,clinical_plus_myeloid_barrier,0.6,0.250396530078059
221,clinical_Mayo_age,0.5142857142857142,0.2607202744743032
221,clinical_plus_myeloid,0.7428571428571429,0.23569722053605957
221,clinical_plus_barrier,0.6571428571428571,0.24110495235471438
221,clinical_plus_myeloid_barrier,0.7428571428571429,0.2343139114483839
222,clinical_Mayo_age,0.5,0.2591529254107905
222,clinical_plus_myeloid,0.5,0.2531872639331308
222,clinical_plus_barrier,0.4444444444444444,0.29681885822701454
222,clinical_plus_myeloid_barrier,0.5277777777777778,0.2736085544205423
223,clinical_Mayo_age,0.8055555555555556,0.2188197227521751
223,clinical_plus_myeloid,0.638888888888889,0.2483953053353145
223,clinical_plus_barrier,0.8611111111111112,0.2079011926095414
223,clinical_plus_myeloid_barrier,0.638888888888889,0.24708174394137725
224,clinical_Mayo_age,0.6333333333333333,0.23962981542099612
224,clinical_plus_myeloid,0.8666666666666667,0.22119185055226395
224,clinical_plus_barrier,0.7666666666666666,0.2218842417133491
224,clinical_plus_myeloid_barrier,0.8333333333333334,0.22519486654631393
225,clinical_Mayo_age,0.4428571428571428,0.2688658632053949
225,clinical_plus_myeloid,0.5714285714285714,0.2602503215252888
225,clinical_plus_barrier,0.4571428571428571,0.29319468500343143
225,clinical_plus_myeloid_barrier,0.5428571428571428,0.2745443598080966
226,clinical_Mayo_age,0.2571428571428571,0.3103036748807143
226,clinical_plus_myeloid,0.5428571428571428,0.24471052000670498
226,clinical_plus_barrier,0.34285714285714286,0.29300951439306727
226,clinical_plus_myeloid_barrier,0.5428571428571428,0.24407683990498982
227,clinical_Mayo_age,0.8333333333333334,0.21900819104192107
227,clinical_plus_myeloid,0.8333333333333334,0.19085992154537001
227,clinical_plus_barrier,0.6944444444444446,0.23117140058466043
227,clinical_plus_myeloid_barrier,0.8055555555555556,0.19462756551777324
228,clinical_Mayo_age,0.5833333333333334,0.23819761360631697
228,clinical_plus_myeloid,0.4444444444444444,0.259132129945534
228,clinical_plus_barrier,0.6666666666666666,0.22480982279166653
228,clinical_plus_myeloid_barrier,0.4444444444444444,0.26019928949297705
229,clinical_Mayo_age,0.4333333333333333,0.2912452741252316
229,clinical_plus_myeloid,0.5333333333333333,0.2603518283097993
229,clinical_plus_barrier,0.4,0.2938229679327912
229,clinical_plus_myeloid_barrier,0.5666666666666667,0.26616677221563223
230,clinical_Mayo_age,0.19999999999999996,0.30352921005849154
230,clinical_plus_myeloid,0.37142857142857144,0.275844120098559
230,clinical_plus_barrier,0.19999999999999996,0.3024134151358044
230,clinical_plus_myeloid_barrier,0.37142857142857144,0.27992574509560897
231,clinical_Mayo_age,0.6285714285714286,0.2344322076323959
231,clinical_plus_myeloid,0.7714285714285714,0.18609554691379027
231,clinical_plus_barrier,0.7142857142857142,0.2201486545941506
231,clinical_plus_myeloid_barrier,0.7999999999999999,0.1848526363874937
232,clinical_Mayo_age,0.75,0.22449269539359015
232,clinical_plus_myeloid,0.7777777777777779,0.190374069739203
232,clinical_plus_barrier,0.75,0.21939256950493405
232,clinical_plus_myeloid_barrier,0.7777777777777779,0.1909472057810819
233,clinical_Mayo_age,0.7777777777777778,0.22343227710271527
233,clinical_plus_myeloid,0.75,0.23141853329670706
233,clinical_plus_barrier,0.7222222222222222,0.2363244243535635
233,clinical_plus_myeloid_barrier,0.4722222222222222,0.30615422003466025
234,clinical_Mayo_age,0.5333333333333333,0.27161456801009987
234,clinical_plus_myeloid,0.4333333333333333,0.3713619375380954
234,clinical_plus_barrier,0.2,0.3970619150558555
234,clinical_plus_myeloid_barrier,0.33333333333333326,0.41910508020678156
235,clinical_Mayo_age,0.4571428571428571,0.26416538026437525
235,clinical_plus_myeloid,0.6285714285714286,0.2323497803392339
235,clinical_plus_barrier,0.5142857142857142,0.28369043692300416
235,clinical_plus_myeloid_barrier,0.657142857142857,0.23896445962784515
236,clinical_Mayo_age,0.5142857142857142,0.2605187121119145
236,clinical_plus_myeloid,0.7142857142857142,0.2103782170244823
236,clinical_plus_barrier,0.6,0.24063052376312807
236,clinical_plus_myeloid_barrier,0.7714285714285715,0.20840110712057927
237,clinical_Mayo_age,0.5972222222222222,0.24788856952349025
237,clinical_plus_myeloid,0.6111111111111112,0.2260679431605139
237,clinical_plus_barrier,0.6666666666666666,0.2348864055736668
237,clinical_plus_myeloid_barrier,0.6111111111111112,0.2252338734820204
238,clinical_Mayo_age,0.5555555555555556,0.25277226514170087
238,clinical_plus_myeloid,0.5555555555555556,0.31780761079062264
238,clinical_plus_barrier,0.3888888888888889,0.2927569904658893
238,clinical_plus_myeloid_barrier,0.4722222222222222,0.3301720169411913
239,clinical_Mayo_age,0.5666666666666667,0.23474342278005633
239,clinical_plus_myeloid,0.9,0.1825183852963443
239,clinical_plus_barrier,0.6666666666666666,0.21693419316426715
239,clinical_plus_myeloid_barrier,0.9,0.18199483535331284
240,clinical_Mayo_age,0.6428571428571428,0.24241444207118293
240,clinical_plus_myeloid,0.8,0.18923042728569103
240,clinical_plus_barrier,0.6857142857142857,0.23203319788062782
240,clinical_plus_myeloid_barrier,0.8,0.19611463595630443
241,clinical_Mayo_age,0.8285714285714285,0.22253125844765745
241,clinical_plus_myeloid,0.7428571428571428,0.23795308456361955
241,clinical_plus_barrier,0.8571428571428572,0.20585596982459223
241,clinical_plus_myeloid_barrier,0.7142857142857143,0.2397111114591136
242,clinical_Mayo_age,0.5277777777777778,0.25581691907251314
242,clinical_plus_myeloid,0.5555555555555556,0.2824569230050704
242,clinical_plus_barrier,0.36111111111111116,0.34673997318093924
242,clinical_plus_myeloid_barrier,0.41666666666666663,0.3335933995115448
243,clinical_Mayo_age,0.625,0.2592686353732117
243,clinical_plus_myeloid,0.7222222222222222,0.23628742006465467
243,clinical_plus_barrier,0.6944444444444444,0.24961745205018537
243,clinical_plus_myeloid_barrier,0.7222222222222222,0.2338351787919962
244,clinical_Mayo_age,0.5666666666666667,0.24275483239788176
244,clinical_plus_myeloid,0.8666666666666667,0.1940988560289569
244,clinical_plus_barrier,0.49999999999999994,0.2554970903604643
244,clinical_plus_myeloid_barrier,0.8333333333333333,0.211041371617475
245,clinical_Mayo_age,0.6,0.2627914531600897
245,clinical_plus_myeloid,0.7142857142857143,0.21770537035951565
245,clinical_plus_barrier,0.45714285714285713,0.27191302003010276
245,clinical_plus_myeloid_barrier,0.6857142857142857,0.2341735941312382
246,clinical_Mayo_age,0.6285714285714286,0.2348972125645266
246,clinical_plus_myeloid,0.8857142857142857,0.18112137401392972
246,clinical_plus_barrier,0.6571428571428571,0.22170094529876963
246,clinical_plus_myeloid_barrier,0.8571428571428572,0.1819459964264516
247,clinical_Mayo_age,0.638888888888889,0.23396136690184186
247,clinical_plus_myeloid,0.8611111111111112,0.19408952947275224
247,clinical_plus_barrier,0.7222222222222223,0.22078018100163407
247,clinical_plus_myeloid_barrier,0.888888888888889,0.19272054576209197
248,clinical_Mayo_age,0.3333333333333333,0.29355018936381677
248,clinical_plus_myeloid,0.4444444444444445,0.30733715228587627
248,clinical_plus_barrier,0.41666666666666663,0.3129418456550902
248,clinical_plus_myeloid_barrier,0.41666666666666674,0.31729570522775
249,clinical_Mayo_age,0.6333333333333333,0.22812266402603737
249,clinical_plus_myeloid,0.5333333333333333,0.283934740866562
249,clinical_plus_barrier,0.8,0.21135915552845394
249,clinical_plus_myeloid_barrier,0.5333333333333333,0.29332942433818415
250,clinical_Mayo_age,0.6571428571428571,0.23732475791578814
250,clinical_plus_myeloid,0.6571428571428571,0.22533329554421722
250,clinical_plus_barrier,0.7428571428571428,0.22340558180079492
250,clinical_plus_myeloid_barrier,0.6571428571428571,0.22387753630763785
251,clinical_Mayo_age,0.42857142857142855,0.25697883922405235
251,clinical_plus_myeloid,0.5714285714285714,0.2341230953465383
251,clinical_plus_barrier,0.4857142857142857,0.27418803022377375
251,clinical_plus_myeloid_barrier,0.6285714285714286,0.24540007966315627
252,clinical_Mayo_age,0.6944444444444444,0.23206662600059633
252,clinical_plus_myeloid,0.7222222222222223,0.2021560775146272
252,clinical_plus_barrier,0.7777777777777779,0.2189947311641752
252,clinical_plus_myeloid_barrier,0.7222222222222223,0.20417691962695175
253,clinical_Mayo_age,0.6111111111111112,0.24701127034712067
253,clinical_plus_myeloid,0.7500000000000001,0.2381032841844848
253,clinical_plus_barrier,0.6944444444444444,0.23346997552464321
253,clinical_plus_myeloid_barrier,0.7500000000000001,0.23725025287391363
254,clinical_Mayo_age,0.6333333333333333,0.2376933028020107
254,clinical_plus_myeloid,0.7666666666666666,0.21346269965640385
254,clinical_plus_barrier,0.6666666666666666,0.24043813709829542
254,clinical_plus_myeloid_barrier,0.7333333333333334,0.21912627210727484
255,clinical_Mayo_age,0.6285714285714286,0.23799277428900598
255,clinical_plus_myeloid,0.5142857142857142,0.29318690204911163
255,clinical_plus_barrier,0.6285714285714286,0.22845090249009362
255,clinical_plus_myeloid_barrier,0.48571428571428565,0.296500672416319
256,clinical_Mayo_age,0.7142857142857142,0.22632559167021235
256,clinical_plus_myeloid,0.8285714285714285,0.18553636218229075
256,clinical_plus_barrier,0.7142857142857143,0.20702089753538197
256,clinical_plus_myeloid_barrier,0.8285714285714285,0.18641989210554208
257,clinical_Mayo_age,0.6388888888888888,0.23006866491552003
257,clinical_plus_myeloid,0.8333333333333333,0.1787697542231819
257,clinical_plus_barrier,0.6388888888888888,0.23166075795874572
257,clinical_plus_myeloid_barrier,0.8333333333333333,0.18756323109564385
258,clinical_Mayo_age,0.5555555555555556,0.24798620750142938
258,clinical_plus_myeloid,0.75,0.20198324649900246
258,clinical_plus_barrier,0.3888888888888889,0.26651549459036283
258,clinical_plus_myeloid_barrier,0.6388888888888888,0.226750773365463
259,clinical_Mayo_age,0.5,0.2619546127553296
259,clinical_plus_myeloid,0.5333333333333333,0.2904805947047533
259,clinical_plus_barrier,0.5666666666666667,0.252614482076392
259,clinical_plus_myeloid_barrier,0.5333333333333333,0.28885932249870394
260,clinical_Mayo_age,0.7714285714285714,0.21253275743158082
260,clinical_plus_myeloid,0.8857142857142857,0.1680646447585082
260,clinical_plus_barrier,0.8571428571428572,0.19642899430857008
260,clinical_plus_myeloid_barrier,0.8857142857142857,0.1720151775193209
261,clinical_Mayo_age,0.8857142857142857,0.21310352258830922
261,clinical_plus_myeloid,0.4857142857142857,0.28215051688978166
261,clinical_plus_barrier,0.7428571428571428,0.220685821663938
261,clinical_plus_myeloid_barrier,0.45714285714285713,0.27919660346726954
262,clinical_Mayo_age,0.3611111111111111,0.3246169556799215
262,clinical_plus_myeloid,0.3055555555555555,0.3779120846178061
262,clinical_plus_barrier,0.3888888888888889,0.36822555198359064
262,clinical_plus_myeloid_barrier,0.3055555555555555,0.39195170112338223
263,clinical_Mayo_age,0.3888888888888889,0.2771378655602839
263,clinical_plus_myeloid,0.6666666666666667,0.2103656336391243
263,clinical_plus_barrier,0.4722222222222222,0.26115930594765174
263,clinical_plus_myeloid_barrier,0.6666666666666667,0.21231336243484036
264,clinical_Mayo_age,0.6333333333333333,0.23379435430594048
264,clinical_plus_myeloid,0.7,0.20154459472058006
264,clinical_plus_barrier,0.5333333333333333,0.2779355036293192
264,clinical_plus_myeloid_barrier,0.6,0.2429291963673066
265,clinical_Mayo_age,0.5285714285714286,0.25640586488101486
265,clinical_plus_myeloid,0.7142857142857143,0.21926173017021064
265,clinical_plus_barrier,0.6285714285714286,0.2407793458203035
265,clinical_plus_myeloid_barrier,0.7142857142857143,0.21834754129420042
266,clinical_Mayo_age,0.5142857142857142,0.2514553568201562
266,clinical_plus_myeloid,0.7428571428571428,0.21095737224086233
266,clinical_plus_barrier,0.6857142857142857,0.23656029689298086
266,clinical_plus_myeloid_barrier,0.7428571428571428,0.21159355324981755
267,clinical_Mayo_age,0.6944444444444444,0.23211497552343582
267,clinical_plus_myeloid,0.6666666666666666,0.22596948377672113
267,clinical_plus_barrier,0.6388888888888888,0.26320345225212594
267,clinical_plus_myeloid_barrier,0.6666666666666666,0.2516885474449704
268,clinical_Mayo_age,0.5277777777777778,0.27632065201324985
268,clinical_plus_myeloid,0.5833333333333333,0.2688158233473494
268,clinical_plus_barrier,0.5555555555555556,0.25810654422682716
268,clinical_plus_myeloid_barrier,0.5555555555555555,0.27737600079597713
269,clinical_Mayo_age,0.7333333333333333,0.21715223213893717
269,clinical_plus_myeloid,0.7666666666666666,0.20883020765048918
269,clinical_plus_barrier,0.5,0.2587480883532049
269,clinical_plus_myeloid_barrier,0.7333333333333333,0.22437733163146287
270,clinical_Mayo_age,0.6,0.23155138778028503
270,clinical_plus_myeloid,0.7142857142857142,0.1971298989899919
270,clinical_plus_barrier,0.8,0.2126051387574555
270,clinical_plus_myeloid_barrier,0.7142857142857142,0.19631742417509576
271,clinical_Mayo_age,0.6571428571428571,0.22445388119939733
271,clinical_plus_myeloid,0.8,0.20399663746031768
271,clinical_plus_barrier,0.5428571428571429,0.2410488230396066
271,clinical_plus_myeloid_barrier,0.7714285714285715,0.21340653748328384
272,clinical_Mayo_age,0.7500000000000001,0.24346501155534417
272,clinical_plus_myeloid,0.5277777777777778,0.35171561013317604
272,clinical_plus_barrier,0.75,0.2505747442646971
272,clinical_plus_myeloid_barrier,0.5277777777777778,0.35036983474566963
273,clinical_Mayo_age,0.7222222222222223,0.2270757319200575
273,clinical_plus_myeloid,0.7777777777777778,0.19050448854681043
273,clinical_plus_barrier,0.7222222222222223,0.22302334477695318
273,clinical_plus_myeloid_barrier,0.75,0.19425138845120662
274,clinical_Mayo_age,0.43333333333333335,0.29102518019914836
274,clinical_plus_myeloid,0.6333333333333333,0.22877107199845034
274,clinical_plus_barrier,0.5333333333333333,0.27217816035706793
274,clinical_plus_myeloid_barrier,0.6333333333333333,0.22668614695506345
275,clinical_Mayo_age,0.45714285714285713,0.26096765799710503
275,clinical_plus_myeloid,0.6571428571428571,0.24365561316225923
275,clinical_plus_barrier,0.5428571428571428,0.24618070027176034
275,clinical_plus_myeloid_barrier,0.5714285714285714,0.2563217040564871
276,clinical_Mayo_age,0.6428571428571428,0.25121272120651056
276,clinical_plus_myeloid,0.6,0.24040050631127596
276,clinical_plus_barrier,0.4285714285714286,0.2990787292063196
276,clinical_plus_myeloid_barrier,0.5142857142857142,0.2792187835803556
277,clinical_Mayo_age,0.6666666666666667,0.23937006708758216
277,clinical_plus_myeloid,0.75,0.20631042470879132
277,clinical_plus_barrier,0.5833333333333334,0.24337757080017264
277,clinical_plus_myeloid_barrier,0.7777777777777778,0.20719513425395933
278,clinical_Mayo_age,0.75,0.23188784129523912
278,clinical_plus_myeloid,0.8611111111111112,0.2186294698954723
278,clinical_plus_barrier,0.8333333333333333,0.2135382967914029
278,clinical_plus_myeloid_barrier,0.8055555555555557,0.22935883708704094
279,clinical_Mayo_age,0.48333333333333334,0.2523884294377547
279,clinical_plus_myeloid,0.6333333333333333,0.21588123093827055
279,clinical_plus_barrier,0.49999999999999994,0.27011776624880146
279,clinical_plus_myeloid_barrier,0.6333333333333333,0.23714798466882028
280,clinical_Mayo_age,0.6285714285714286,0.22515611027619273
280,clinical_plus_myeloid,0.8285714285714286,0.15876715266397817
280,clinical_plus_barrier,0.6857142857142857,0.21016709838821968
280,clinical_plus_myeloid_barrier,0.8571428571428572,0.15944447625048566
281,clinical_Mayo_age,0.6,0.2779193204015901
281,clinical_plus_myeloid,0.6857142857142857,0.2248013744081645
281,clinical_plus_barrier,0.6571428571428571,0.2617793951871323
281,clinical_plus_myeloid_barrier,0.6857142857142857,0.22443174077540448
282,clinical_Mayo_age,0.45833333333333337,0.26629440426313067
282,clinical_plus_myeloid,0.7222222222222223,0.2499983078524466
282,clinical_plus_barrier,0.5555555555555556,0.2484132266568129
282,clinical_plus_myeloid_barrier,0.7222222222222223,0.24967588776405447
283,clinical_Mayo_age,0.7777777777777778,0.22014890309221077
283,clinical_plus_myeloid,0.6944444444444446,0.2514687576243385
283,clinical_plus_barrier,0.4444444444444444,0.273949758798291
283,clinical_plus_myeloid_barrier,0.5277777777777779,0.2714297589993923
284,clinical_Mayo_age,0.5999999999999999,0.24887047698539158
284,clinical_plus_myeloid,0.36666666666666664,0.2956515610693032
284,clinical_plus_barrier,0.5,0.3010705959621852
284,clinical_plus_myeloid_barrier,0.3333333333333333,0.3092781685103056
285,clinical_Mayo_age,0.7999999999999999,0.21826368078048222
285,clinical_plus_myeloid,0.6,0.21028635182092503
285,clinical_plus_barrier,0.7428571428571429,0.23341180926230876
285,clinical_plus_myeloid_barrier,0.6857142857142857,0.215197108990737
286,clinical_Mayo_age,0.6857142857142857,0.2292072296181025
286,clinical_plus_myeloid,0.9142857142857143,0.1685433275818784
286,clinical_plus_barrier,0.6857142857142857,0.22729929069288768
286,clinical_plus_myeloid_barrier,0.8571428571428572,0.18699076977784165
287,clinical_Mayo_age,0.3611111111111111,0.35356463943256555
287,clinical_plus_myeloid,0.5,0.3175554247301565
287,clinical_plus_barrier,0.3333333333333333,0.34819878295052836
287,clinical_plus_myeloid_barrier,0.5277777777777778,0.3165455737561928
288,clinical_Mayo_age,0.763888888888889,0.22992741371029504
288,clinical_plus_myeloid,0.5833333333333334,0.23949138007634366
288,clinical_plus_barrier,0.5555555555555556,0.24667482860138615
288,clinical_plus_myeloid_barrier,0.5833333333333334,0.2463502554510408
289,clinical_Mayo_age,0.5,0.2645195249939499
289,clinical_plus_myeloid,0.6,0.2637957992767738
289,clinical_plus_barrier,0.5666666666666667,0.2572648691218475
289,clinical_plus_myeloid_barrier,0.5666666666666667,0.2622801385828395
290,clinical_Mayo_age,0.6,0.23693413400016014
290,clinical_plus_myeloid,0.8857142857142857,0.1735765881275907
290,clinical_plus_barrier,0.6571428571428571,0.22108348947059986
290,clinical_plus_myeloid_barrier,0.8857142857142857,0.17286656709433515
291,clinical_Mayo_age,0.7714285714285714,0.22347660163074504
291,clinical_plus_myeloid,0.5714285714285714,0.2711391251348017
291,clinical_plus_barrier,0.5714285714285714,0.2546483264880836
291,clinical_plus_myeloid_barrier,0.5428571428571428,0.2798416298414055
292,clinical_Mayo_age,0.6111111111111112,0.25159242745091503
292,clinical_plus_myeloid,0.6388888888888888,0.23513704837028127
292,clinical_plus_barrier,0.638888888888889,0.2389703046191823
292,clinical_plus_myeloid_barrier,0.6388888888888888,0.23317325984998452
293,clinical_Mayo_age,0.3611111111111111,0.3264434122452455
293,clinical_plus_myeloid,0.5833333333333333,0.28140837635901333
293,clinical_plus_barrier,0.4444444444444444,0.3216339590633049
293,clinical_plus_myeloid_barrier,0.5555555555555556,0.28868867875505105
294,clinical_Mayo_age,0.8,0.21832962387769506
294,clinical_plus_myeloid,0.6666666666666666,0.23475789437604355
294,clinical_plus_barrier,0.5333333333333333,0.24619944168214686
294,clinical_plus_myeloid_barrier,0.6333333333333333,0.2434966544434931
295,clinical_Mayo_age,0.42857142857142855,0.27725111822298154
295,clinical_plus_myeloid,0.5428571428571428,0.2377113484347112
295,clinical_plus_barrier,0.4571428571428571,0.2569321060861984
295,clinical_plus_myeloid_barrier,0.5428571428571428,0.23778415097034714
296,clinical_Mayo_age,0.7142857142857143,0.2294508455722328
296,clinical_plus_myeloid,0.7142857142857143,0.19911493280203474
296,clinical_plus_barrier,0.6285714285714286,0.22637737218433462
296,clinical_plus_myeloid_barrier,0.6857142857142857,0.20096527977450473
297,clinical_Mayo_age,0.75,0.2490238016996348
297,clinical_plus_myeloid,0.6388888888888888,0.26388574557715366
297,clinical_plus_barrier,0.638888888888889,0.24797670688917905
297,clinical_plus_myeloid_barrier,0.6388888888888888,0.2619154433570129
298,clinical_Mayo_age,0.5416666666666666,0.2560891533232006
298,clinical_plus_myeloid,0.6944444444444446,0.23790009849648364
298,clinical_plus_barrier,0.5555555555555556,0.2521403152438188
298,clinical_plus_myeloid_barrier,0.6666666666666667,0.23829089764874375
299,clinical_Mayo_age,0.5333333333333333,0.2665187750155558
299,clinical_plus_myeloid,0.7,0.21535213469905023
299,clinical_plus_barrier,0.43333333333333335,0.2735991654584107
299,clinical_plus_myeloid_barrier,0.6333333333333333,0.23710233494893238
300,clinical_Mayo_age,0.6857142857142857,0.23225320103571134
300,clinical_plus_myeloid,0.7428571428571429,0.1920079046905794
300,clinical_plus_barrier,0.6571428571428573,0.23399104896345738
300,clinical_plus_myeloid_barrier,0.7428571428571429,0.21263605137538352
301,clinical_Mayo_age,0.6285714285714286,0.2414318550576059
301,clinical_plus_myeloid,0.6285714285714286,0.22138351794562486
301,clinical_plus_barrier,0.7714285714285714,0.2265213420573412
301,clinical_plus_myeloid_barrier,0.6285714285714286,0.22072781473660694
302,clinical_Mayo_age,0.513888888888889,0.2542720970607418
302,clinical_plus_myeloid,0.75,0.2051910525191936
302,clinical_plus_barrier,0.6111111111111112,0.23661170077505234
302,clinical_plus_myeloid_barrier,0.75,0.20255438022772768
303,clinical_Mayo_age,0.5277777777777778,0.2626135176366496
303,clinical_plus_myeloid,0.5277777777777779,0.29418666055942494
303,clinical_plus_barrier,0.5833333333333333,0.2621069570355861
303,clinical_plus_myeloid_barrier,0.5277777777777779,0.29246324860989237
304,clinical_Mayo_age,0.5,0.27609868002509
304,clinical_plus_myeloid,0.5666666666666667,0.255591257214813
304,clinical_plus_barrier,0.43333333333333335,0.28485715367105885
304,clinical_plus_myeloid_barrier,0.5666666666666667,0.25996935765926543
305,clinical_Mayo_age,0.42857142857142855,0.310114482080574
305,clinical_plus_myeloid,0.45714285714285713,0.28381168002079904
305,clinical_plus_barrier,0.3714285714285714,0.36343982424283444
305,clinical_plus_myeloid_barrier,0.4,0.3288129675661649
306,clinical_Mayo_age,0.7428571428571429,0.2203733056370115
306,clinical_plus_myeloid,0.6285714285714286,0.2961928626390871
306,clinical_plus_barrier,0.7999999999999999,0.21072734040096128
306,clinical_plus_myeloid_barrier,0.6,0.3021781608112117
307,clinical_Mayo_age,0.7222222222222222,0.24789983557156384
307,clinical_plus_myeloid,0.7222222222222223,0.24350412325058846
307,clinical_plus_barrier,0.6388888888888888,0.2504168747410515
307,clinical_plus_myeloid_barrier,0.7222222222222222,0.2452508575244182
308,clinical_Mayo_age,0.5833333333333334,0.24835431427808866
308,clinical_plus_myeloid,0.6111111111111112,0.24818901712397282
308,clinical_plus_barrier,0.4722222222222222,0.2794915478666564
308,clinical_plus_myeloid_barrier,0.5277777777777778,0.26542508895317535
309,clinical_Mayo_age,0.6666666666666666,0.2324977430106966
309,clinical_plus_myeloid,0.9,0.16499899989673655
309,clinical_plus_barrier,0.6,0.23933865579508232
309,clinical_plus_myeloid_barrier,0.8333333333333333,0.18680441200979186
310,clinical_Mayo_age,0.6857142857142857,0.2247371879180711
310,clinical_plus_myeloid,0.48571428571428565,0.2931278901789942
310,clinical_plus_barrier,0.6571428571428571,0.22867115276208913
310,clinical_plus_myeloid_barrier,0.48571428571428565,0.2919594080246662
311,clinical_Mayo_age,0.4,0.2664427587558402
311,clinical_plus_myeloid,0.6571428571428571,0.20996325749064107
311,clinical_plus_barrier,0.42857142857142855,0.25593605896852667
311,clinical_plus_myeloid_barrier,0.6285714285714286,0.2165108012660197
312,clinical_Mayo_age,0.6944444444444444,0.24396755971577944
312,clinical_plus_myeloid,0.8333333333333334,0.1972643677210616
312,clinical_plus_barrier,0.6944444444444445,0.2236283312002291
312,clinical_plus_myeloid_barrier,0.8333333333333334,0.1957595990195576
313,clinical_Mayo_age,0.5,0.26970424274446136
313,clinical_plus_myeloid,0.4166666666666667,0.2593428720825119
313,clinical_plus_barrier,0.5277777777777778,0.2675269042584995
313,clinical_plus_myeloid_barrier,0.5,0.25738506962938096
314,clinical_Mayo_age,0.4666666666666667,0.28920657526192467
314,clinical_plus_myeloid,0.5333333333333333,0.2857812912917883
314,clinical_plus_barrier,0.39999999999999997,0.30816849426326587
314,clinical_plus_myeloid_barrier,0.5,0.2954128102267144
315,clinical_Mayo_age,0.5714285714285714,0.23487680929098817
315,clinical_plus_myeloid,0.6285714285714286,0.22463107842536104
315,clinical_plus_barrier,0.6,0.2287869069005604
315,clinical_plus_myeloid_barrier,0.6,0.2241568160703673
316,clinical_Mayo_age,0.6857142857142857,0.22716456953674172
316,clinical_plus_myeloid,0.8285714285714285,0.17326249931353513
316,clinical_plus_barrier,0.5428571428571428,0.23870160664554674
316,clinical_plus_myeloid_barrier,0.7714285714285714,0.19278548617940736
317,clinical_Mayo_age,0.6388888888888888,0.2555464733561543
317,clinical_plus_myeloid,0.4444444444444444,0.3028263795794221
317,clinical_plus_barrier,0.38888888888888884,0.36580572673104306
317,clinical_plus_myeloid_barrier,0.3611111111111111,0.3706941740826499
318,clinical_Mayo_age,0.5277777777777778,0.2585329722909396
318,clinical_plus_myeloid,0.7777777777777779,0.19043749450416944
318,clinical_plus_barrier,0.6111111111111112,0.24801374911700255
318,clinical_plus_myeloid_barrier,0.7777777777777779,0.19745297334372014
319,clinical_Mayo_age,0.19999999999999998,0.3254549843286362
319,clinical_plus_myeloid,0.39999999999999997,0.31296482772954975
319,clinical_plus_barrier,0.3333333333333333,0.3060670779927244
319,clinical_plus_myeloid_barrier,0.36666666666666664,0.3232695551338057
320,clinical_Mayo_age,0.5142857142857143,0.242614121039146
320,clinical_plus_myeloid,0.8857142857142857,0.16974567173256924
320,clinical_plus_barrier,0.6285714285714286,0.22815111556189763
320,clinical_plus_myeloid_barrier,0.8857142857142857,0.17083295326357603
321,clinical_Mayo_age,0.6857142857142857,0.2302634075341452
321,clinical_plus_myeloid,0.7428571428571429,0.19268070715261976
321,clinical_plus_barrier,0.8285714285714285,0.2129806340882688
321,clinical_plus_myeloid_barrier,0.7428571428571429,0.19416122433919622
322,clinical_Mayo_age,0.4166666666666667,0.29509862615993726
322,clinical_plus_myeloid,0.5555555555555556,0.2614849986702327
322,clinical_plus_barrier,0.36111111111111105,0.3123473036809574
322,clinical_plus_myeloid_barrier,0.4444444444444444,0.2795334624346872
323,clinical_Mayo_age,0.5833333333333335,0.2414412593278363
323,clinical_plus_myeloid,0.6666666666666667,0.2347311404578527
323,clinical_plus_barrier,0.5555555555555556,0.24494419687057797
323,clinical_plus_myeloid_barrier,0.6666666666666667,0.235310454909176
324,clinical_Mayo_age,0.29999999999999993,0.3368640621025393
324,clinical_plus_myeloid,0.2333333333333333,0.47553902633073836
324,clinical_plus_barrier,0.36666666666666664,0.42641295337611657
324,clinical_plus_myeloid_barrier,0.2666666666666666,0.5062775477277278
325,clinical_Mayo_age,0.2857142857142857,0.30199341390609563
325,clinical_plus_myeloid,0.5428571428571428,0.26260948975018145
325,clinical_plus_barrier,0.4,0.3226858551949368
325,clinical_plus_myeloid_barrier,0.5428571428571429,0.29129657557792604
326,clinical_Mayo_age,0.7714285714285715,0.23858581438834725
326,clinical_plus_myeloid,0.8,0.18892376178784764
326,clinical_plus_barrier,0.657142857142857,0.24062740930675675
326,clinical_plus_myeloid_barrier,0.8285714285714285,0.19725431117486789
327,clinical_Mayo_age,0.4444444444444444,0.26563868261524654
327,clinical_plus_myeloid,0.6666666666666667,0.2656766265284263
327,clinical_plus_barrier,0.5833333333333334,0.25497923784425003
327,clinical_plus_myeloid_barrier,0.6666666666666667,0.26416048771936235
328,clinical_Mayo_age,0.5972222222222223,0.2491352165391476
328,clinical_plus_myeloid,0.5555555555555556,0.2411597887567997
328,clinical_plus_barrier,0.5833333333333334,0.23104627294155045
328,clinical_plus_myeloid_barrier,0.5277777777777778,0.256820628761343
329,clinical_Mayo_age,0.7,0.2178420222030118
329,clinical_plus_myeloid,0.6333333333333333,0.21489845795334814
329,clinical_plus_barrier,0.8,0.20841242494235682
329,clinical_plus_myeloid_barrier,0.6333333333333333,0.21401874381538646
330,clinical_Mayo_age,0.8857142857142857,0.21829957000983194
330,clinical_plus_myeloid,0.9714285714285715,0.15938293749549798
330,clinical_plus_barrier,0.7428571428571429,0.21706051799441858
330,clinical_plus_myeloid_barrier,0.9142857142857144,0.1748342034770883
331,clinical_Mayo_age,0.8571428571428572,0.21163108169160208
331,clinical_plus_myeloid,0.8571428571428571,0.2104586456891775
331,clinical_plus_barrier,0.5714285714285714,0.23754886114134152
331,clinical_plus_myeloid_barrier,0.8,0.23052725914076513
332,clinical_Mayo_age,0.6111111111111112,0.24211741882044654
332,clinical_plus_myeloid,0.6111111111111112,0.2471538002826216
332,clinical_plus_barrier,0.6944444444444444,0.2245837214547798
332,clinical_plus_myeloid_barrier,0.5,0.2593232661135295
333,clinical_Mayo_age,0.19444444444444442,0.3811195005693879
333,clinical_plus_myeloid,0.3333333333333333,0.3934330935458421
333,clinical_plus_barrier,0.25,0.3796312544352049
333,clinical_plus_myeloid_barrier,0.33333333333333326,0.3915096516846566
334,clinical_Mayo_age,0.6166666666666666,0.24333656334846818
334,clinical_plus_myeloid,0.7666666666666667,0.21501291318757804
334,clinical_plus_barrier,0.7,0.22696535338276888
334,clinical_plus_myeloid_barrier,0.8,0.21322287860555192
335,clinical_Mayo_age,0.37142857142857144,0.27622310269936406
335,clinical_plus_myeloid,0.5714285714285714,0.2919068387678169
335,clinical_plus_barrier,0.48571428571428577,0.26029612941147
335,clinical_plus_myeloid_barrier,0.5714285714285714,0.29208444883549484
336,clinical_Mayo_age,0.5,0.24328974356289487
336,clinical_plus_myeloid,0.8571428571428572,0.1848179343193942
336,clinical_plus_barrier,0.6571428571428571,0.2264431835313404
336,clinical_plus_myeloid_barrier,0.8571428571428572,0.1850183987452505
337,clinical_Mayo_age,0.3888888888888889,0.2942801795025569
337,clinical_plus_myeloid,0.5555555555555556,0.26262725372809065
337,clinical_plus_barrier,0.4444444444444444,0.3150751796032948
337,clinical_plus_myeloid_barrier,0.5277777777777777,0.2805343067934832
338,clinical_Mayo_age,0.75,0.22592054895426092
338,clinical_plus_myeloid,0.75,0.22346409988673224
338,clinical_plus_barrier,0.3888888888888889,0.28870220495755455
338,clinical_plus_myeloid_barrier,0.5555555555555556,0.25443204143704073
339,clinical_Mayo_age,0.4,0.291081980819327
339,clinical_plus_myeloid,0.4,0.3107573598273899
339,clinical_plus_barrier,0.43333333333333335,0.2835784547275724
339,clinical_plus_myeloid_barrier,0.43333333333333335,0.30844245404994564
340,clinical_Mayo_age,0.7428571428571429,0.21712313413648895
340,clinical_plus_myeloid,0.9142857142857143,0.17562373989118404
340,clinical_plus_barrier,0.7142857142857143,0.22411444378398548
340,clinical_plus_myeloid_barrier,0.8285714285714285,0.18424044615582905
341,clinical_Mayo_age,0.45714285714285713,0.2618853131769639
341,clinical_plus_myeloid,0.7428571428571429,0.25004929201678905
341,clinical_plus_barrier,0.5428571428571429,0.26016221258442035
341,clinical_plus_myeloid_barrier,0.7142857142857143,0.2501449461406589
342,clinical_Mayo_age,0.7777777777777778,0.22829191316821473
342,clinical_plus_myeloid,0.75,0.20697570835511722
342,clinical_plus_barrier,0.8055555555555556,0.20891760511368865
342,clinical_plus_myeloid_barrier,0.75,0.20685887131242905
343,clinical_Mayo_age,0.375,0.28426829356446887
343,clinical_plus_myeloid,0.5833333333333334,0.25399912469603464
343,clinical_plus_barrier,0.3888888888888889,0.30916953967781563
343,clinical_plus_myeloid_barrier,0.5,0.2738914058275637
344,clinical_Mayo_age,0.4333333333333333,0.3003767496092707
344,clinical_plus_myeloid,0.4666666666666666,0.28688915588411423
344,clinical_plus_barrier,0.4333333333333333,0.2821401284906693
344,clinical_plus_myeloid_barrier,0.4666666666666666,0.2880201871185509
345,clinical_Mayo_age,0.7428571428571428,0.23894458142346434
345,clinical_plus_myeloid,0.6,0.24296275974233547
345,clinical_plus_barrier,0.8285714285714286,0.22239405476620247
345,clinical_plus_myeloid_barrier,0.6,0.24123684963543238
346,clinical_Mayo_age,0.2857142857142857,0.32104740876213306
346,clinical_plus_myeloid,0.5428571428571428,0.3102309200583562
346,clinical_plus_barrier,0.1714285714285714,0.3728319099298178
346,clinical_plus_myeloid_barrier,0.48571428571428565,0.3350145865953298
347,clinical_Mayo_age,0.5555555555555556,0.24159437901024047
347,clinical_plus_myeloid,0.8611111111111112,0.20652502481931556
347,clinical_plus_barrier,0.6666666666666666,0.22663240595092934
347,clinical_plus_myeloid_barrier,0.8333333333333334,0.21120991588541846
348,clinical_Mayo_age,0.5277777777777778,0.2541141866779029
348,clinical_plus_myeloid,0.6111111111111112,0.22726342552852352
348,clinical_plus_barrier,0.6111111111111112,0.23809695158960323
348,clinical_plus_myeloid_barrier,0.6111111111111112,0.2258461883834326
349,clinical_Mayo_age,0.39999999999999997,0.30204333337370126
349,clinical_plus_myeloid,0.5666666666666667,0.2668815046038258
349,clinical_plus_barrier,0.39999999999999997,0.32257632805396913
349,clinical_plus_myeloid_barrier,0.49999999999999994,0.28350522454432575
350,clinical_Mayo_age,0.6,0.23307973534344964
350,clinical_plus_myeloid,0.5428571428571428,0.24179993817830936
350,clinical_plus_barrier,0.5714285714285714,0.26232392046574676
350,clinical_plus_myeloid_barrier,0.5714285714285714,0.25080816198828404
351,clinical_Mayo_age,0.7999999999999999,0.2139682617332159
351,clinical_plus_myeloid,0.8285714285714285,0.18071417335019346
351,clinical_plus_barrier,0.7142857142857143,0.2272953328858792
351,clinical_plus_myeloid_barrier,0.7714285714285714,0.1904571638191351
352,clinical_Mayo_age,0.41666666666666674,0.28397041837336223
352,clinical_plus_myeloid,0.5833333333333334,0.26812770126177565
352,clinical_plus_barrier,0.3888888888888889,0.3377384076694104
352,clinical_plus_myeloid_barrier,0.5277777777777778,0.322238077445368
353,clinical_Mayo_age,0.6666666666666666,0.24010612960900968
353,clinical_plus_myeloid,0.8611111111111112,0.19368018334800552
353,clinical_plus_barrier,0.75,0.2241041986549209
353,clinical_plus_myeloid_barrier,0.8055555555555556,0.20102460470885233
354,clinical_Mayo_age,0.6333333333333333,0.24545685994221395
354,clinical_plus_myeloid,0.7,0.23212489893169846
354,clinical_plus_barrier,0.7,0.2289926001340497
354,clinical_plus_myeloid_barrier,0.7,0.24812473669218413
355,clinical_Mayo_age,0.3714285714285714,0.30303342681465434
355,clinical_plus_myeloid,0.4571428571428571,0.351560936301693
355,clinical_plus_barrier,0.3142857142857143,0.3429583737837301
355,clinical_plus_myeloid_barrier,0.39999999999999997,0.3598137773157866
356,clinical_Mayo_age,0.7142857142857142,0.2328122109776817
356,clinical_plus_myeloid,0.6857142857142857,0.232322310677718
356,clinical_plus_barrier,0.657142857142857,0.2199741609800441
356,clinical_plus_myeloid_barrier,0.6571428571428571,0.23121292729263723
357,clinical_Mayo_age,0.5277777777777778,0.2544467586152049
357,clinical_plus_myeloid,0.6666666666666667,0.2234689077853392
357,clinical_plus_barrier,0.6111111111111112,0.24016587875672246
357,clinical_plus_myeloid_barrier,0.6388888888888888,0.22247612867885694
358,clinical_Mayo_age,0.4722222222222222,0.27518049570350805
358,clinical_plus_myeloid,0.6666666666666667,0.23641688848760523
358,clinical_plus_barrier,0.47222222222222227,0.2641642234903987
358,clinical_plus_myeloid_barrier,0.6944444444444445,0.23498299795292796
359,clinical_Mayo_age,0.49999999999999994,0.2525939280233846
359,clinical_plus_myeloid,0.7666666666666666,0.20740459590142793
359,clinical_plus_barrier,0.6,0.24189601528413407
359,clinical_plus_myeloid_barrier,0.8,0.20591543335678295
360,clinical_Mayo_age,0.6857142857142857,0.2230551869903267
360,clinical_plus_myeloid,0.8,0.18061590099977934
360,clinical_plus_barrier,0.7428571428571428,0.22037501682924385
360,clinical_plus_myeloid_barrier,0.8285714285714285,0.18273366849010195
361,clinical_Mayo_age,0.6,0.228587878373983
361,clinical_plus_myeloid,0.9714285714285715,0.17342171827696254
361,clinical_plus_barrier,0.6857142857142857,0.20990938919712887
361,clinical_plus_myeloid_barrier,0.9714285714285715,0.17192704917818954
362,clinical_Mayo_age,0.19444444444444442,0.34302819288467523
362,clinical_plus_myeloid,0.3055555555555555,0.3998415221708936
362,clinical_plus_barrier,0.2222222222222222,0.340728958322925
362,clinical_plus_myeloid_barrier,0.3055555555555555,0.39814758030568553
363,clinical_Mayo_age,0.08333333333333331,0.3839880903741428
363,clinical_plus_myeloid,0.08333333333333331,0.4601414904243335
363,clinical_plus_barrier,0.19444444444444442,0.46579246242053635
363,clinical_plus_myeloid_barrier,0.16666666666666663,0.5020725729618141
364,clinical_Mayo_age,0.6,0.23818061448350478
364,clinical_plus_myeloid,0.6333333333333333,0.2291607630289751
364,clinical_plus_barrier,0.6,0.23799030522377637
364,clinical_plus_myeloid_barrier,0.6666666666666666,0.23347458890333306
365,clinical_Mayo_age,0.657142857142857,0.23514831032938743
365,clinical_plus_myeloid,0.8571428571428572,0.18171433561432102
365,clinical_plus_barrier,0.8571428571428571,0.21772518465834853
365,clinical_plus_myeloid_barrier,0.8857142857142857,0.18037874850379373
366,clinical_Mayo_age,0.3714285714285714,0.30849523531736445
366,clinical_plus_myeloid,0.6285714285714286,0.3450744837962036
366,clinical_plus_barrier,0.3714285714285714,0.3596609796406407
366,clinical_plus_myeloid_barrier,0.5714285714285714,0.38211116600767864
367,clinical_Mayo_age,0.8055555555555556,0.21868369111344887
367,clinical_plus_myeloid,0.9444444444444444,0.17446559197503372
367,clinical_plus_barrier,0.6944444444444444,0.23039981854909555
367,clinical_plus_myeloid_barrier,0.8333333333333334,0.19081712737759982
368,clinical_Mayo_age,0.5833333333333334,0.2575708784758507
368,clinical_plus_myeloid,0.5833333333333334,0.2634529733997042
368,clinical_plus_barrier,0.6944444444444445,0.2407779979995549
368,clinical_plus_myeloid_barrier,0.5555555555555556,0.2742662793059948
369,clinical_Mayo_age,0.2833333333333333,0.29070909412058127
369,clinical_plus_myeloid,0.5333333333333333,0.2885536452197227
369,clinical_plus_barrier,0.36666666666666664,0.2853165932951573
369,clinical_plus_myeloid_barrier,0.5333333333333333,0.2879022829103289
370,clinical_Mayo_age,0.6285714285714286,0.23619624330258046
370,clinical_plus_myeloid,0.6857142857142857,0.2374284683007518
370,clinical_plus_barrier,0.7142857142857142,0.22309432257446601
370,clinical_plus_myeloid_barrier,0.7428571428571428,0.23626805570706447
371,clinical_Mayo_age,0.6285714285714287,0.2372657224343917
371,clinical_plus_myeloid,0.6285714285714286,0.23979371392155838
371,clinical_plus_barrier,0.6,0.24310692097120679
371,clinical_plus_myeloid_barrier,0.6571428571428573,0.24242619870248203
372,clinical_Mayo_age,0.888888888888889,0.2194534189299382
372,clinical_plus_myeloid,0.8055555555555556,0.20191726459631795
372,clinical_plus_barrier,0.888888888888889,0.19889666111501855
372,clinical_plus_myeloid_barrier,0.7777777777777778,0.20132386826908363
373,clinical_Mayo_age,0.33333333333333337,0.28046598639741427
373,clinical_plus_myeloid,0.5555555555555556,0.24729079784354382
373,clinical_plus_barrier,0.13888888888888887,0.3339997816884684
373,clinical_plus_myeloid_barrier,0.41666666666666663,0.2920189857761575
374,clinical_Mayo_age,0.3833333333333333,0.30291927474049807
374,clinical_plus_myeloid,0.6333333333333333,0.23537720393223258
374,clinical_plus_barrier,0.4,0.2881355872588824
374,clinical_plus_myeloid_barrier,0.6333333333333333,0.2345630535336906
375,clinical_Mayo_age,0.7142857142857143,0.22216557153617925
375,clinical_plus_myeloid,0.8571428571428571,0.18817703186729076
375,clinical_plus_barrier,0.7714285714285714,0.21081454819907494
375,clinical_plus_myeloid_barrier,0.8571428571428571,0.1867447541737316
376,clinical_Mayo_age,0.4285714285714286,0.27695216882881823
376,clinical_plus_myeloid,0.7428571428571429,0.2194804797381378
376,clinical_plus_barrier,0.42857142857142855,0.2980100708423401
376,clinical_plus_myeloid_barrier,0.6,0.25715275877749155
377,clinical_Mayo_age,0.7361111111111112,0.2299861013869051
377,clinical_plus_myeloid,0.6666666666666666,0.2268592043722076
377,clinical_plus_barrier,0.7222222222222222,0.21388523322861444
377,clinical_plus_myeloid_barrier,0.6666666666666666,0.22626064728026204
378,clinical_Mayo_age,0.5277777777777778,0.26939666527579414
378,clinical_plus_myeloid,0.5833333333333334,0.2613780385638979
378,clinical_plus_barrier,0.5277777777777778,0.25882595053236673
378,clinical_plus_myeloid_barrier,0.6388888888888888,0.2604193555275642
379,clinical_Mayo_age,0.6,0.24592474879982307
379,clinical_plus_myeloid,0.5333333333333333,0.2746452831988053
379,clinical_plus_barrier,0.4666666666666667,0.2699638404959966
379,clinical_plus_myeloid_barrier,0.5333333333333333,0.27885136816836414
380,clinical_Mayo_age,0.2571428571428571,0.35263625177208846
380,clinical_plus_myeloid,0.42857142857142855,0.3434695937167977
380,clinical_plus_barrier,0.19999999999999996,0.40320140018751044
380,clinical_plus_myeloid_barrier,0.3714285714285714,0.3770238467558675
381,clinical_Mayo_age,0.9142857142857143,0.2155729282877941
381,clinical_plus_myeloid,0.6000000000000001,0.24626427689770355
381,clinical_plus_barrier,0.9142857142857143,0.19928986753633018
381,clinical_plus_myeloid_barrier,0.5714285714285714,0.2661414372421924
382,clinical_Mayo_age,0.7083333333333334,0.22903199430107024
382,clinical_plus_myeloid,0.7222222222222222,0.22882900870019554
382,clinical_plus_barrier,0.6944444444444445,0.22264342207590745
382,clinical_plus_myeloid_barrier,0.7222222222222222,0.22707629048466524
383,clinical_Mayo_age,0.6527777777777778,0.22705236309179241
383,clinical_plus_myeloid,0.8611111111111112,0.17392394343863285
383,clinical_plus_barrier,0.3333333333333333,0.2814625740957023
383,clinical_plus_myeloid_barrier,0.5833333333333333,0.23533943367414578
384,clinical_Mayo_age,0.6,0.25237964904481414
384,clinical_plus_myeloid,0.8,0.2135402037261801
384,clinical_plus_barrier,0.6333333333333333,0.233952557502988
384,clinical_plus_myeloid_barrier,0.7333333333333333,0.21824447383815804
385,clinical_Mayo_age,0.5142857142857142,0.2668687654809764
385,clinical_plus_myeloid,0.7714285714285715,0.2086178411719182
385,clinical_plus_barrier,0.5714285714285714,0.25175395854850385
385,clinical_plus_myeloid_barrier,0.7428571428571429,0.2097417573568875
386,clinical_Mayo_age,0.7714285714285714,0.21658321781363196
386,clinical_plus_myeloid,0.42857142857142855,0.38461671283456006
386,clinical_plus_barrier,0.7142857142857143,0.20540257389952501
386,clinical_plus_myeloid_barrier,0.37142857142857144,0.3980303205618026
387,clinical_Mayo_age,0.888888888888889,0.2250115946170508
387,clinical_plus_myeloid,0.9444444444444444,0.15680365259205542
387,clinical_plus_barrier,0.75,0.23391623576858175
387,clinical_plus_myeloid_barrier,0.8055555555555556,0.18445811916531205
388,clinical_Mayo_age,0.6111111111111112,0.24367171620711148
388,clinical_plus_myeloid,0.6111111111111112,0.25685752699325193
388,clinical_plus_barrier,0.6111111111111112,0.25743846361876815
388,clinical_plus_myeloid_barrier,0.5833333333333334,0.2646116210535278
389,clinical_Mayo_age,0.39999999999999997,0.31211881842551
389,clinical_plus_myeloid,0.5333333333333333,0.27719214193038316
389,clinical_plus_barrier,0.43333333333333335,0.2943814085450405
389,clinical_plus_myeloid_barrier,0.5333333333333333,0.274439250716326
390,clinical_Mayo_age,0.3,0.3338340251676373
390,clinical_plus_myeloid,0.4571428571428572,0.28617392830124966
390,clinical_plus_barrier,0.3428571428571428,0.33020716808816825
390,clinical_plus_myeloid_barrier,0.4857142857142857,0.2922109910906076
391,clinical_Mayo_age,0.6142857142857143,0.23647626630872673
391,clinical_plus_myeloid,0.7428571428571429,0.22561704058844714
391,clinical_plus_barrier,0.6285714285714286,0.22690645363778503
391,clinical_plus_myeloid_barrier,0.7428571428571429,0.22388599479625648
392,clinical_Mayo_age,0.6666666666666667,0.2259322322403797
392,clinical_plus_myeloid,0.6944444444444444,0.23807097757859655
392,clinical_plus_barrier,0.6944444444444444,0.2274603532121495
392,clinical_plus_myeloid_barrier,0.6666666666666667,0.2392598155456128
393,clinical_Mayo_age,0.5833333333333334,0.2368492528006576
393,clinical_plus_myeloid,0.7222222222222223,0.2126308472588082
393,clinical_plus_barrier,0.6111111111111112,0.2325611891425309
393,clinical_plus_myeloid_barrier,0.7222222222222223,0.2128012125849439
394,clinical_Mayo_age,0.75,0.22082563131304347
394,clinical_plus_myeloid,0.6333333333333333,0.2239238951339387
394,clinical_plus_barrier,0.7,0.2104461739479582
394,clinical_plus_myeloid_barrier,0.6333333333333333,0.22245652026480475
395,clinical_Mayo_age,0.8,0.2268582272062378
395,clinical_plus_myeloid,0.8857142857142857,0.179299935397771
395,clinical_plus_barrier,0.8285714285714285,0.21625334637284674
395,clinical_plus_myeloid_barrier,0.8857142857142857,0.18011795828364538
396,clinical_Mayo_age,0.5428571428571428,0.25723801701154186
396,clinical_plus_myeloid,0.6285714285714286,0.23402173663963424
396,clinical_plus_barrier,0.5714285714285714,0.26085284361260397
396,clinical_plus_myeloid_barrier,0.6000000000000001,0.24190347586755725
397,clinical_Mayo_age,0.4444444444444445,0.27118680493174274
397,clinical_plus_myeloid,0.3888888888888889,0.35236281588085644
397,clinical_plus_barrier,0.33333333333333337,0.3303479617979654
397,clinical_plus_myeloid_barrier,0.38888888888888884,0.3656948227413049
398,clinical_Mayo_age,0.3055555555555555,0.2787016045262752
398,clinical_plus_myeloid,0.75,0.21346451020130253
398,clinical_plus_barrier,0.4444444444444445,0.26418221385893453
398,clinical_plus_myeloid_barrier,0.75,0.21463840467241557
399,clinical_Mayo_age,0.5333333333333333,0.2579513668069808
399,clinical_plus_myeloid,0.6,0.2278369691097997
399,clinical_plus_barrier,0.4666666666666666,0.26364385625063386
399,clinical_plus_myeloid_barrier,0.5333333333333333,0.23346245707504945
400,clinical_Mayo_age,0.8285714285714285,0.22047135296279485
400,clinical_plus_myeloid,0.7714285714285714,0.1977701248748498
400,clinical_plus_barrier,0.48571428571428565,0.2519027786443702
400,clinical_plus_myeloid_barrier,0.7142857142857143,0.21742665723617086
401,clinical_Mayo_age,0.7857142857142857,0.22097541306306448
401,clinical_plus_myeloid,0.7714285714285715,0.20030769253383032
401,clinical_plus_barrier,0.8571428571428572,0.20527572488743343
401,clinical_plus_myeloid_barrier,0.7714285714285715,0.19857525349528607
402,clinical_Mayo_age,0.3611111111111111,0.29755010638632445
402,clinical_plus_myeloid,0.5555555555555556,0.24871442746772057
402,clinical_plus_barrier,0.4444444444444445,0.281575401342928
402,clinical_plus_myeloid_barrier,0.5555555555555556,0.24743070875997097
403,clinical_Mayo_age,0.5694444444444444,0.2586913860577569
403,clinical_plus_myeloid,0.5,0.2932944643874274
403,clinical_plus_barrier,0.4722222222222222,0.2835900596801886
403,clinical_plus_myeloid_barrier,0.5,0.2976802919525868
404,clinical_Mayo_age,0.2666666666666666,0.3521771178328732
404,clinical_plus_myeloid,0.5333333333333333,0.3584207695436397
404,clinical_plus_barrier,0.36666666666666664,0.34928136368784046
404,clinical_plus_myeloid_barrier,0.5666666666666667,0.3658739284544293
405,clinical_Mayo_age,0.7142857142857144,0.22251480031768453
405,clinical_plus_myeloid,0.6571428571428571,0.22034344697840602
405,clinical_plus_barrier,0.8,0.2094616143103708
405,clinical_plus_myeloid_barrier,0.6857142857142857,0.2185727577712451
406,clinical_Mayo_age,0.5142857142857142,0.27650580892628773
406,clinical_plus_myeloid,0.5142857142857142,0.3149197821190159
406,clinical_plus_barrier,0.42857142857142855,0.33769627176756667
406,clinical_plus_myeloid_barrier,0.42857142857142855,0.34357673278017775
407,clinical_Mayo_age,0.7222222222222222,0.2217665282850045
407,clinical_plus_myeloid,1.0,0.18247700573701223
407,clinical_plus_barrier,0.7222222222222222,0.21204632652068334
407,clinical_plus_myeloid_barrier,1.0,0.18168468640802113
408,clinical_Mayo_age,0.6388888888888888,0.24145008319967678
408,clinical_plus_myeloid,0.8333333333333334,0.18454081110602305
408,clinical_plus_barrier,0.6388888888888888,0.22861135369565452
408,clinical_plus_myeloid_barrier,0.8055555555555556,0.18671220144024414
409,clinical_Mayo_age,0.44999999999999996,0.26860153497216016
409,clinical_plus_myeloid,0.4666666666666667,0.295437655517274
409,clinical_plus_barrier,0.4333333333333333,0.25671144491812026
409,clinical_plus_myeloid_barrier,0.4666666666666667,0.29416785507780696
410,clinical_Mayo_age,0.39999999999999997,0.28173468104989136
410,clinical_plus_myeloid,0.5428571428571428,0.2556888958481671
410,clinical_plus_barrier,0.4857142857142857,0.26483896077529484
410,clinical_plus_myeloid_barrier,0.5142857142857142,0.2548754917757927
411,clinical_Mayo_age,0.5714285714285714,0.27983567347158034
411,clinical_plus_myeloid,0.37142857142857144,0.3746792309027506
411,clinical_plus_barrier,0.5428571428571429,0.30487197221838436
411,clinical_plus_myeloid_barrier,0.37142857142857144,0.3715184681424395
412,clinical_Mayo_age,0.4444444444444445,0.2857043414723881
412,clinical_plus_myeloid,0.6111111111111112,0.23057354055776833
412,clinical_plus_barrier,0.5277777777777778,0.27258000143341293
412,clinical_plus_myeloid_barrier,0.6111111111111112,0.23000701616178013
413,clinical_Mayo_age,0.7777777777777778,0.225648710677981
413,clinical_plus_myeloid,0.9444444444444444,0.15610500620957632
413,clinical_plus_barrier,0.888888888888889,0.21074687076980406
413,clinical_plus_myeloid_barrier,0.9444444444444445,0.1591384767196418
414,clinical_Mayo_age,0.7,0.23135999489599202
414,clinical_plus_myeloid,0.7999999999999999,0.2103560097204883
414,clinical_plus_barrier,0.6333333333333333,0.26496167485741645
414,clinical_plus_myeloid_barrier,0.6333333333333333,0.23219096125209493
415,clinical_Mayo_age,0.4571428571428571,0.24021362425067294
415,clinical_plus_myeloid,0.6000000000000001,0.21056563541395312
415,clinical_plus_barrier,0.6285714285714286,0.2465842271987818
415,clinical_plus_myeloid_barrier,0.6571428571428571,0.2168357929526541
416,clinical_Mayo_age,0.34285714285714286,0.34798522932569026
416,clinical_plus_myeloid,0.4571428571428571,0.2928027337925809
416,clinical_plus_barrier,0.3714285714285714,0.33164949142266836
416,clinical_plus_myeloid_barrier,0.4571428571428571,0.2932005956316905
417,clinical_Mayo_age,0.24999999999999997,0.3210809385327846
417,clinical_plus_myeloid,0.5277777777777778,0.284214189207774
417,clinical_plus_barrier,0.24999999999999997,0.3279787398263158
417,clinical_plus_myeloid_barrier,0.5277777777777778,0.28795167278882333
418,clinical_Mayo_age,0.7222222222222222,0.22499160516453157
418,clinical_plus_myeloid,0.7777777777777778,0.222061704820222
418,clinical_plus_barrier,0.638888888888889,0.24148456888859107
418,clinical_plus_myeloid_barrier,0.7222222222222222,0.2301373818864172
419,clinical_Mayo_age,0.9,0.21268422639990742
419,clinical_plus_myeloid,0.6666666666666666,0.2306391566840488
419,clinical_plus_barrier,0.8333333333333334,0.19513095206020073
419,clinical_plus_myeloid_barrier,0.6666666666666666,0.22865547777961998
420,clinical_Mayo_age,0.8857142857142857,0.22370406324748715
420,clinical_plus_myeloid,0.5428571428571428,0.22831494750902234
420,clinical_plus_barrier,0.6,0.23441809738611244
420,clinical_plus_myeloid_barrier,0.6,0.23052747899558113
421,clinical_Mayo_age,0.6,0.2544040442646472
421,clinical_plus_myeloid,0.5714285714285714,0.2673744072327483
421,clinical_plus_barrier,0.6285714285714286,0.2505415100765149
421,clinical_plus_myeloid_barrier,0.5714285714285714,0.2666801238797898
422,clinical_Mayo_age,0.6111111111111112,0.25910943856295326
422,clinical_plus_myeloid,0.75,0.21546015463266707
422,clinical_plus_barrier,0.6944444444444444,0.24162325202987098
422,clinical_plus_myeloid_barrier,0.75,0.21591639943392502
423,clinical_Mayo_age,0.5277777777777778,0.2474951445849063
423,clinical_plus_myeloid,0.6944444444444444,0.2196388722722816
423,clinical_plus_barrier,0.6388888888888888,0.2313831142158819
423,clinical_plus_myeloid_barrier,0.6944444444444444,0.2187000550432089
424,clinical_Mayo_age,0.4833333333333333,0.25684121466502907
424,clinical_plus_myeloid,0.7333333333333333,0.20581559394083218
424,clinical_plus_barrier,0.43333333333333335,0.28918874221646307
424,clinical_plus_myeloid_barrier,0.5666666666666667,0.23946139779089198
425,clinical_Mayo_age,0.5428571428571428,0.2640372423180148
425,clinical_plus_myeloid,0.5428571428571428,0.2531446236611873
425,clinical_plus_barrier,0.5142857142857142,0.27088058978089075
425,clinical_plus_myeloid_barrier,0.5428571428571428,0.2598220834163824
426,clinical_Mayo_age,0.6428571428571428,0.24141437965517928
426,clinical_plus_myeloid,0.7714285714285714,0.20169684444990973
426,clinical_plus_barrier,0.6,0.25111641497181614
426,clinical_plus_myeloid_barrier,0.7714285714285715,0.2210919977960882
427,clinical_Mayo_age,0.7777777777777778,0.2214783541626927
427,clinical_plus_myeloid,0.7222222222222221,0.2093188613905962
427,clinical_plus_barrier,0.888888888888889,0.20647838018716358
427,clinical_plus_myeloid_barrier,0.7222222222222221,0.20825176557091374
428,clinical_Mayo_age,0.5555555555555556,0.2562307167936067
428,clinical_plus_myeloid,0.6666666666666667,0.22678883783821424
428,clinical_plus_barrier,0.611111111111111,0.24394526569992458
428,clinical_plus_myeloid_barrier,0.7222222222222222,0.22427247082963553
429,clinical_Mayo_age,0.5,0.2749348700499272
429,clinical_plus_myeloid,0.6,0.23587097852639302
429,clinical_plus_barrier,0.5,0.27498508657469567
429,clinical_plus_myeloid_barrier,0.6,0.23732421087586797
430,clinical_Mayo_age,0.6285714285714286,0.23906589852468685
430,clinical_plus_myeloid,0.6857142857142857,0.23223369276447306
430,clinical_plus_barrier,0.5142857142857142,0.24630895545075213
430,clinical_plus_myeloid_barrier,0.5714285714285714,0.2407244983734553
431,clinical_Mayo_age,0.5142857142857142,0.24249767524998503
431,clinical_plus_myeloid,0.7428571428571429,0.20806148071286268
431,clinical_plus_barrier,0.6285714285714286,0.24335374383205569
431,clinical_plus_myeloid_barrier,0.7428571428571429,0.2136923383008357
432,clinical_Mayo_age,0.5277777777777777,0.26548690903356914
432,clinical_plus_myeloid,0.5,0.2571247321763675
432,clinical_plus_barrier,0.6111111111111113,0.25197265990647205
432,clinical_plus_myeloid_barrier,0.5555555555555556,0.2551422891017109
433,clinical_Mayo_age,0.5833333333333334,0.24369874410603032
433,clinical_plus_myeloid,0.6944444444444444,0.235859694214149
433,clinical_plus_barrier,0.6388888888888888,0.2305198371909415
433,clinical_plus_myeloid_barrier,0.6666666666666667,0.23443483321021155
434,clinical_Mayo_age,0.5333333333333333,0.2426676138289824
434,clinical_plus_myeloid,0.6666666666666666,0.2157596342506529
434,clinical_plus_barrier,0.6333333333333333,0.23735308313473527
434,clinical_plus_myeloid_barrier,0.7666666666666666,0.21400647959683
435,clinical_Mayo_age,0.6,0.23059463211650633
435,clinical_plus_myeloid,0.7142857142857143,0.20212422046043024
435,clinical_plus_barrier,0.6,0.23293919439711286
435,clinical_plus_myeloid_barrier,0.6857142857142857,0.2074343194829673
436,clinical_Mayo_age,0.19999999999999998,0.3224298512485941
436,clinical_plus_myeloid,0.6285714285714286,0.25829045647198484
436,clinical_plus_barrier,0.3142857142857143,0.32682736555150327
436,clinical_plus_myeloid_barrier,0.5714285714285714,0.2695072293671349
437,clinical_Mayo_age,0.6388888888888888,0.24332932536837962
437,clinical_plus_myeloid,0.8055555555555556,0.1951174125772175
437,clinical_plus_barrier,0.6666666666666667,0.2252558411457887
437,clinical_plus_myeloid_barrier,0.8333333333333334,0.19653989415911147
438,clinical_Mayo_age,0.7222222222222223,0.23269576706393671
438,clinical_plus_myeloid,0.4444444444444444,0.291808832772675
438,clinical_plus_barrier,0.8055555555555556,0.22065092887082619
438,clinical_plus_myeloid_barrier,0.38888888888888884,0.3030122596244127
439,clinical_Mayo_age,0.6333333333333333,0.23992215354901775
439,clinical_plus_myeloid,0.6666666666666667,0.23248303610593535
439,clinical_plus_barrier,0.5,0.2789134599217802
439,clinical_plus_myeloid_barrier,0.5666666666666667,0.2602517197666901
440,clinical_Mayo_age,0.5142857142857142,0.25431383625372933
440,clinical_plus_myeloid,0.8,0.19244446450174002
440,clinical_plus_barrier,0.37142857142857144,0.27616270136274185
440,clinical_plus_myeloid_barrier,0.6571428571428571,0.23299436555423395
441,clinical_Mayo_age,0.657142857142857,0.24075056319924715
441,clinical_plus_myeloid,0.7428571428571428,0.22788051085013583
441,clinical_plus_barrier,0.48571428571428565,0.2444054898345155
441,clinical_plus_myeloid_barrier,0.7142857142857143,0.2303775288246583
442,clinical_Mayo_age,0.4305555555555556,0.2776760114681689
442,clinical_plus_myeloid,0.5555555555555556,0.24172371756159802
442,clinical_plus_barrier,0.36111111111111105,0.3008088374295398
442,clinical_plus_myeloid_barrier,0.5277777777777778,0.26324372316883904
443,clinical_Mayo_age,0.5972222222222222,0.24439722231032082
443,clinical_plus_myeloid,0.6111111111111112,0.25655684274177254
443,clinical_plus_barrier,0.5833333333333334,0.23119176844621495
443,clinical_plus_myeloid_barrier,0.6111111111111112,0.25566018500102244
444,clinical_Mayo_age,0.7333333333333334,0.2480039501841821
444,clinical_plus_myeloid,0.5333333333333333,0.27303961099073554
444,clinical_plus_barrier,0.4333333333333333,0.31183189368260983
444,clinical_plus_myeloid_barrier,0.39999999999999997,0.3068230821219039
445,clinical_Mayo_age,0.6285714285714286,0.23567485150978462
445,clinical_plus_myeloid,0.6,0.23739308028920802
445,clinical_plus_barrier,0.42857142857142855,0.28531194468218646
445,clinical_plus_myeloid_barrier,0.5714285714285714,0.273037773861024
446,clinical_Mayo_age,0.5285714285714286,0.27668641243884706
446,clinical_plus_myeloid,0.6,0.2289886893868033
446,clinical_plus_barrier,0.5428571428571428,0.25296547296413524
446,clinical_plus_myeloid_barrier,0.6,0.22714403187484908
447,clinical_Mayo_age,0.4444444444444444,0.25758116897352473
447,clinical_plus_myeloid,0.5555555555555556,0.26856282942849735
447,clinical_plus_barrier,0.4722222222222222,0.2802655454268526
447,clinical_plus_myeloid_barrier,0.5,0.2814296250740358
448,clinical_Mayo_age,0.5555555555555556,0.23679124998000897
448,clinical_plus_myeloid,0.7777777777777779,0.22204631718448994
448,clinical_plus_barrier,0.4444444444444444,0.24371000758928815
448,clinical_plus_myeloid_barrier,0.47222222222222227,0.2915338299970239
449,clinical_Mayo_age,0.5666666666666667,0.24315731992027756
449,clinical_plus_myeloid,0.8,0.2002420112057057
449,clinical_plus_barrier,0.5666666666666667,0.25181235535072366
449,clinical_plus_myeloid_barrier,0.7333333333333334,0.21016429762141164
450,clinical_Mayo_age,0.6571428571428571,0.2229591782405059
450,clinical_plus_myeloid,0.8857142857142857,0.18080955892975284
450,clinical_plus_barrier,0.45714285714285713,0.2508969972311264
450,clinical_plus_myeloid_barrier,0.6,0.2088423142733662
451,clinical_Mayo_age,0.6857142857142857,0.23135376584016065
451,clinical_plus_myeloid,0.7142857142857143,0.22536348302343154
451,clinical_plus_barrier,0.6857142857142857,0.2164600065325354
451,clinical_plus_myeloid_barrier,0.6285714285714286,0.24492649348046977
452,clinical_Mayo_age,0.5694444444444444,0.2417930315268041
452,clinical_plus_myeloid,0.4444444444444444,0.27404407705693035
452,clinical_plus_barrier,0.3333333333333333,0.33475505987983917
452,clinical_plus_myeloid_barrier,0.38888888888888884,0.3300265595815539
453,clinical_Mayo_age,0.2222222222222222,0.33171432397358475
453,clinical_plus_myeloid,0.4444444444444444,0.3116672555191311
453,clinical_plus_barrier,0.2222222222222222,0.32427799995267187
453,clinical_plus_myeloid_barrier,0.3055555555555556,0.34547578600366474
454,clinical_Mayo_age,0.5666666666666667,0.24210943556752335
454,clinical_plus_myeloid,0.8666666666666667,0.17369488287282395
454,clinical_plus_barrier,0.5666666666666667,0.24692059894802518
454,clinical_plus_myeloid_barrier,0.7333333333333333,0.19376329766190087
455,clinical_Mayo_age,0.4571428571428571,0.2663233396360079
455,clinical_plus_myeloid,0.6285714285714286,0.24972902115328044
455,clinical_plus_barrier,0.5714285714285714,0.24751912796510692
455,clinical_plus_myeloid_barrier,0.6285714285714286,0.2598442782175504
456,clinical_Mayo_age,0.6,0.23649903199468256
456,clinical_plus_myeloid,0.7428571428571429,0.23655637423822953
456,clinical_plus_barrier,0.6857142857142857,0.23087478685885351
456,clinical_plus_myeloid_barrier,0.7428571428571429,0.23475423702244427
457,clinical_Mayo_age,0.6944444444444445,0.23096663376115292
457,clinical_plus_myeloid,0.6666666666666666,0.2327597724556274
457,clinical_plus_barrier,0.5,0.2748702971840864
457,clinical_plus_myeloid_barrier,0.5833333333333334,0.2518636139148958
458,clinical_Mayo_age,0.30555555555555564,0.31447977226505913
458,clinical_plus_myeloid,0.6111111111111112,0.2586570135371559
458,clinical_plus_barrier,0.44444444444444453,0.29648710042970355
458,clinical_plus_myeloid_barrier,0.6666666666666666,0.2584340237885559
459,clinical_Mayo_age,0.7333333333333334,0.22586984340994345
459,clinical_plus_myeloid,0.7333333333333333,0.20486011953021196
459,clinical_plus_barrier,0.7,0.21941682365102674
459,clinical_plus_myeloid_barrier,0.7666666666666666,0.20784714989284125
460,clinical_Mayo_age,0.6857142857142857,0.22747446756839065
460,clinical_plus_myeloid,0.7142857142857143,0.21906962431263008
460,clinical_plus_barrier,0.6857142857142857,0.22001865274648644
460,clinical_plus_myeloid_barrier,0.7428571428571429,0.21750184254232272
461,clinical_Mayo_age,0.5714285714285714,0.24141020344399966
461,clinical_plus_myeloid,0.7142857142857143,0.196866071471523
461,clinical_plus_barrier,0.6857142857142857,0.22241681944920336
461,clinical_plus_myeloid_barrier,0.6857142857142857,0.1994477070162435
462,clinical_Mayo_age,0.5833333333333335,0.25160995545883197
462,clinical_plus_myeloid,0.6666666666666667,0.23797302690111058
462,clinical_plus_barrier,0.5555555555555556,0.25367341541970684
462,clinical_plus_myeloid_barrier,0.6666666666666667,0.24020815046018903
463,clinical_Mayo_age,0.625,0.2397355506145303
463,clinical_plus_myeloid,0.5277777777777778,0.2969542210159387
463,clinical_plus_barrier,0.5277777777777778,0.2530768547520232
463,clinical_plus_myeloid_barrier,0.5,0.2996580755691631
464,clinical_Mayo_age,0.4666666666666666,0.2689800245719214
464,clinical_plus_myeloid,0.7666666666666666,0.20927346362714916
464,clinical_plus_barrier,0.4333333333333333,0.2701855466190772
464,clinical_plus_myeloid_barrier,0.6666666666666667,0.22188132774805736
465,clinical_Mayo_age,0.6571428571428571,0.228959338462476
465,clinical_plus_myeloid,0.8285714285714285,0.19218099022850973
465,clinical_plus_barrier,0.6857142857142857,0.21138254633360154
465,clinical_plus_myeloid_barrier,0.8285714285714285,0.19124674414614906
466,clinical_Mayo_age,0.5428571428571429,0.271686965399677
466,clinical_plus_myeloid,0.6857142857142857,0.22954736329864223
466,clinical_plus_barrier,0.4571428571428572,0.2893101401254777
466,clinical_plus_myeloid_barrier,0.5714285714285714,0.24924990526162574
467,clinical_Mayo_age,0.5833333333333334,0.2399625180232572
467,clinical_plus_myeloid,0.611111111111111,0.26901516739294434
467,clinical_plus_barrier,0.6944444444444444,0.22401566688604882
467,clinical_plus_myeloid_barrier,0.47222222222222227,0.29306781364062445
468,clinical_Mayo_age,0.6111111111111112,0.24206199912152757
468,clinical_plus_myeloid,0.6388888888888888,0.2623795810846354
468,clinical_plus_barrier,0.5277777777777777,0.2432956686962475
468,clinical_plus_myeloid_barrier,0.6388888888888888,0.2645706236825532
469,clinical_Mayo_age,0.7666666666666666,0.21339412070627775
469,clinical_plus_myeloid,0.8333333333333334,0.17253379248227274
469,clinical_plus_barrier,0.6333333333333333,0.2606305357814462
469,clinical_plus_myeloid_barrier,0.7,0.21282028415918638
470,clinical_Mayo_age,0.7142857142857143,0.22369934904198444
470,clinical_plus_myeloid,0.6,0.28126075987599247
470,clinical_plus_barrier,0.6285714285714287,0.2429239188085013
470,clinical_plus_myeloid_barrier,0.6571428571428571,0.28128988409475414
471,clinical_Mayo_age,0.5428571428571429,0.25646239639324014
471,clinical_plus_myeloid,0.5142857142857142,0.2646074919328278
471,clinical_plus_barrier,0.5428571428571429,0.2426578132875209
471,clinical_plus_myeloid_barrier,0.5142857142857142,0.2633366426919479
472,clinical_Mayo_age,0.3333333333333333,0.3572753282753273
472,clinical_plus_myeloid,0.5277777777777778,0.3031595483162355
472,clinical_plus_barrier,0.36111111111111105,0.3425837323096743
472,clinical_plus_myeloid_barrier,0.5555555555555556,0.30599190765321316
473,clinical_Mayo_age,0.5,0.305934753785613
473,clinical_plus_myeloid,0.6111111111111112,0.2828148141404913
473,clinical_plus_barrier,0.4444444444444445,0.3665693823880884
473,clinical_plus_myeloid_barrier,0.5,0.31992442275574684
474,clinical_Mayo_age,0.7,0.2270731176177162
474,clinical_plus_myeloid,0.7999999999999999,0.2007481041956999
474,clinical_plus_barrier,0.6666666666666666,0.20887591688154503
474,clinical_plus_myeloid_barrier,0.8333333333333333,0.19846029130584011
475,clinical_Mayo_age,0.5428571428571429,0.24138296753422658
475,clinical_plus_myeloid,0.8571428571428571,0.19046001452934813
475,clinical_plus_barrier,0.657142857142857,0.2500569718546141
475,clinical_plus_myeloid_barrier,0.8,0.2057165698083354
476,clinical_Mayo_age,0.6571428571428571,0.22491236635109182
476,clinical_plus_myeloid,0.7142857142857142,0.20077574078512297
476,clinical_plus_barrier,0.8285714285714285,0.20680076815855006
476,clinical_plus_myeloid_barrier,0.7142857142857142,0.2085553064140433
477,clinical_Mayo_age,0.47222222222222227,0.29558163429090495
477,clinical_plus_myeloid,0.5833333333333334,0.25659045153045573
477,clinical_plus_barrier,0.38888888888888884,0.3475602495056053
477,clinical_plus_myeloid_barrier,0.4722222222222222,0.3043638154304538
478,clinical_Mayo_age,0.625,0.23801611173933626
478,clinical_plus_myeloid,0.6666666666666667,0.21077431175015507
478,clinical_plus_barrier,0.6944444444444445,0.22120778782285122
478,clinical_plus_myeloid_barrier,0.6944444444444444,0.21049655576224582
479,clinical_Mayo_age,0.7333333333333334,0.23449178297458956
479,clinical_plus_myeloid,0.5666666666666667,0.28483209614714994
479,clinical_plus_barrier,0.6333333333333333,0.2388308035036567
479,clinical_plus_myeloid_barrier,0.5333333333333333,0.2836988758865195
480,clinical_Mayo_age,0.3714285714285714,0.28801004727417484
480,clinical_plus_myeloid,0.5714285714285714,0.24069718620996072
480,clinical_plus_barrier,0.45714285714285713,0.2668293512665529
480,clinical_plus_myeloid_barrier,0.5714285714285714,0.24029728397629446
481,clinical_Mayo_age,0.37142857142857144,0.2920770269758962
481,clinical_plus_myeloid,0.6571428571428571,0.23068883623657196
481,clinical_plus_barrier,0.48571428571428565,0.27070600689659596
481,clinical_plus_myeloid_barrier,0.7428571428571429,0.22748620898285218
482,clinical_Mayo_age,0.4444444444444444,0.2688705135534239
482,clinical_plus_myeloid,0.47222222222222227,0.3043614506646594
482,clinical_plus_barrier,0.4444444444444444,0.2650755626669154
482,clinical_plus_myeloid_barrier,0.47222222222222227,0.3034608924319156
483,clinical_Mayo_age,0.5277777777777778,0.25045113019435855
483,clinical_plus_myeloid,0.6111111111111112,0.2682447024402222
483,clinical_plus_barrier,0.5277777777777778,0.24810991706796473
483,clinical_plus_myeloid_barrier,0.6111111111111112,0.26553321198397967
484,clinical_Mayo_age,0.7,0.2241318065155456
484,clinical_plus_myeloid,0.8333333333333334,0.18272231175499504
484,clinical_plus_barrier,0.6,0.2634622693866733
484,clinical_plus_myeloid_barrier,0.7666666666666667,0.22428866279031892
485,clinical_Mayo_age,0.6857142857142857,0.2185180529866386
485,clinical_plus_myeloid,0.7428571428571429,0.1772988813069545
485,clinical_plus_barrier,0.8,0.20553326925878987
485,clinical_plus_myeloid_barrier,0.6857142857142857,0.18963301207827213
486,clinical_Mayo_age,0.3285714285714285,0.27517842615026394
486,clinical_plus_myeloid,0.5142857142857142,0.28048120440046814
486,clinical_plus_barrier,0.42857142857142855,0.2631153367478395
486,clinical_plus_myeloid_barrier,0.5142857142857142,0.2800106943177299
487,clinical_Mayo_age,0.6666666666666667,0.2356954329005633
487,clinical_plus_myeloid,0.638888888888889,0.2325068010321932
487,clinical_plus_barrier,0.638888888888889,0.2535741992775042
487,clinical_plus_myeloid_barrier,0.6111111111111112,0.24445437729930106
488,clinical_Mayo_age,0.8333333333333333,0.217279833184346
488,clinical_plus_myeloid,0.6388888888888888,0.2306034680798692
488,clinical_plus_barrier,0.7777777777777778,0.20860235084854137
488,clinical_plus_myeloid_barrier,0.6388888888888888,0.22917551832060265
489,clinical_Mayo_age,0.36666666666666664,0.3109044725304518
489,clinical_plus_myeloid,0.5333333333333333,0.25943801699027635
489,clinical_plus_barrier,0.3,0.3406841802522916
489,clinical_plus_myeloid_barrier,0.39999999999999997,0.29708658902887525
490,clinical_Mayo_age,0.8285714285714285,0.21668088911159789
490,clinical_plus_myeloid,0.7428571428571429,0.21062449702183128
490,clinical_plus_barrier,0.7142857142857143,0.2160513369742737
490,clinical_plus_myeloid_barrier,0.7142857142857144,0.21292006885795578
491,clinical_Mayo_age,0.6,0.237492908662392
491,clinical_plus_myeloid,0.7714285714285714,0.19365333595282155
491,clinical_plus_barrier,0.6285714285714286,0.22239934351278087
491,clinical_plus_myeloid_barrier,0.6857142857142857,0.19837137290364706
492,clinical_Mayo_age,0.7916666666666666,0.22339997145596166
492,clinical_plus_myeloid,0.6944444444444444,0.2111667135955331
492,clinical_plus_barrier,0.6666666666666666,0.21757291871655837
492,clinical_plus_myeloid_barrier,0.6944444444444444,0.21001980308639911
493,clinical_Mayo_age,0.4444444444444444,0.29536138493844594
493,clinical_plus_myeloid,0.5,0.28554915989649027
493,clinical_plus_barrier,0.5,0.3090084450736874
493,clinical_plus_myeloid_barrier,0.5277777777777778,0.29075975716546937
494,clinical_Mayo_age,0.5,0.2901758807362374
494,clinical_plus_myeloid,0.6333333333333333,0.2926850926297773
494,clinical_plus_barrier,0.5,0.31382429218534164
494,clinical_plus_myeloid_barrier,0.6333333333333333,0.2973057188838212
495,clinical_Mayo_age,0.8571428571428572,0.21497050189619069
495,clinical_plus_myeloid,0.8285714285714286,0.19188958517879395
495,clinical_plus_barrier,0.7428571428571428,0.20470790949776543
495,clinical_plus_myeloid_barrier,0.8285714285714286,0.19569722805703893
496,clinical_Mayo_age,0.4285714285714285,0.26728725821360455
496,clinical_plus_myeloid,0.6285714285714286,0.24481727892106794
496,clinical_plus_barrier,0.5142857142857142,0.25974038862668075
496,clinical_plus_myeloid_barrier,0.6857142857142857,0.2429775833683305
497,clinical_Mayo_age,0.5138888888888888,0.2501964054386949
497,clinical_plus_myeloid,0.5555555555555556,0.23648265594592707
497,clinical_plus_barrier,0.4722222222222222,0.27737215475752663
497,clinical_plus_myeloid_barrier,0.5833333333333334,0.2515741691251308
498,clinical_Mayo_age,0.3611111111111111,0.30386016345718825
498,clinical_plus_myeloid,0.3611111111111111,0.34468967806167455
498,clinical_plus_barrier,0.41666666666666663,0.3103691114201875
498,clinical_plus_myeloid_barrier,0.41666666666666663,0.3446016896768818
499,clinical_Mayo_age,0.5333333333333332,0.25501153886442346
499,clinical_plus_myeloid,0.8,0.18982562879178902
499,clinical_plus_barrier,0.6666666666666666,0.2348725016433764
499,clinical_plus_myeloid_barrier,0.8333333333333334,0.18826000588515812
